Island name,Human_density,Surface,Elevation,distanceMain,EVI,Temperature,Precipitations,Perimeter depth ,Connectivity,Radiality,Lizard richness,Snake_presence,Acanthodactylus schreiberi,Algyroides fitzingeri,Archaeolacerta bedriagae,Euleptes europaea,Mediodactylus bartoni,Mediodactylus oertzeni,Phoenicolacerta troodica,Podarcis lilfordi,Podarcis pityusensis,Podarcis latastei,Podarcis raffonei,Podarcis tiliguerta,Podarcis waglerianus,Podarcis filfolensis,Podarcis cretensis,Podarcis gaigae,Podarcis levendis,Podarcis milensis,Lacerta citrovittata,Ablepharus budaki,Ablepharus kitaibelii,Anatololacerta pelasgiana,Anguis graeca,Anguis veronensis,Blanus strauchi,Chalcides chalcides,Chalcides ocellatus,Chamaeleo chamaeleon,Eumeces schneiderii,Hemidactylus turcicus,Heremites auratus,Heremites vittatus,Lacerta bilineata,Lacerta diplochondrodes,Lacerta trilineata,Lacerta viridis,Mediodactylus kotschyi,Mediodactylus orientalis,Ophiomorus punctatissimus,Ophisops elegans,Podarcis erhardii,Podarcis muralis,Podarcis siculus,Psammodromus algirus,Pseudopus apodus,Scelarcis perspicillata,Stellagama stellio,Tarentola mauritanica,Timon lepidus,Timon pater
Nitja ,0,0.0825,18.5,203138.03,0.271,16.7708,554,-42.92,-0.323 ,0.562 ,0,0,0,0,0,0,0,0,0,1,0,0,0,0,0,0,0,0,0,0,0,0,0,0,0,0,0,0,0,0,0,0,0,0,0,0,0,0,0,0,0,0,0,0,0,0,0,0,0,0,0,0
Bledes (Menorca),0,0.0375,61.5,204573.12,0.165,16.9417,561,-12.9,-0.323 ,0.563 ,0,0,0,0,0,0,0,0,0,1,0,0,0,0,0,0,0,0,0,0,0,0,0,0,0,0,0,0,0,0,0,0,0,0,0,0,0,0,0,0,0,0,0,0,0,0,0,0,0,0,0,0
Tosqueta,0,0.0063,6.1,212031.39,0.188,17.0125,545,-61.93,-0.323 ,0.563 ,0,0,0,0,0,0,0,0,0,1,0,0,0,0,0,0,0,0,0,0,0,0,0,0,0,0,0,0,0,0,0,0,0,0,0,0,0,0,0,0,0,0,0,0,0,0,0,0,0,0,0,0
Sargantana,0,0.0257,14.5,210763.92,0.278,17.0833,545,-14.6,0.000 ,0.562 ,0,0,0,0,0,0,0,0,0,1,0,0,0,0,0,0,0,0,0,0,0,0,0,0,0,0,0,0,0,0,0,0,0,0,0,0,0,0,0,0,0,0,0,0,0,0,0,0,0,0,0,0
des Rovells,0,0.00315,6.3,210948.62,0.165,17.0833,545,-14.6,-0.323 ,0.562 ,0,0,0,0,0,0,0,0,0,1,0,0,0,0,0,0,0,0,0,0,0,0,0,0,0,0,0,0,0,0,0,0,0,0,0,0,0,0,0,0,0,0,0,0,0,0,0,0,0,0,0,0
Porros (Menorca),0,0.0016,1.4,212694.27,0.113,16.9833,545,-7.47,-0.323 ,0.563 ,0,0,0,0,0,0,0,0,0,1,0,0,0,0,0,0,0,0,0,0,0,0,0,0,0,0,0,0,0,0,0,0,0,0,0,0,0,0,0,0,0,0,0,0,0,0,0,0,0,0,0,0
Addaia Petita,0,0.05,7.8,218368.03,0.233,16.7875,545,-48.19,-0.323 ,0.562 ,0,0,0,0,0,0,0,0,0,1,0,0,0,0,0,0,0,0,0,0,0,0,0,0,0,0,0,0,0,0,0,0,0,0,0,0,0,0,0,0,0,0,0,0,0,0,0,0,0,0,0,0
Addaia Gran,0,0.0755,22.1,216706.16,0.334,16.7958,548,-45.18,0.000 ,0.563 ,1,0,0,0,0,0,0,0,0,1,0,0,0,0,0,0,0,0,0,0,0,0,0,0,0,0,0,0,0,0,0,1,0,0,0,0,0,0,0,0,0,0,0,0,0,0,0,0,0,0,0,0
Na Carboner,0,0.005,2.5,217270.62,0.109,16.7875,548,-32.19,-0.323 ,0.562 ,0,0,0,0,0,0,0,0,0,1,0,0,0,0,0,0,0,0,0,0,0,0,0,0,0,0,0,0,0,0,0,0,0,0,0,0,0,0,0,0,0,0,0,0,0,0,0,0,0,0,0,0
Menorca,134.3,694,358,199106,0.551,16.72,578.7,-296.77,3.227 ,0.563 ,4,1,0,0,0,0,0,0,0,0,0,0,0,0,0,0,0,0,0,0,0,0,0,0,0,0,0,0,0,0,0,1,0,0,0,0,0,0,0,0,0,0,0,0,1,0,0,1,0,1,0,0
d'en Colom,0,0.595,40,226707.5,0.422,16.9958,539,-49.62,-0.323 ,0.562 ,1,1,0,0,0,0,0,0,0,1,0,0,0,0,0,0,0,0,0,0,0,0,0,0,0,0,0,0,0,0,0,0,0,0,0,0,0,0,0,0,0,0,0,0,0,0,0,0,0,1,0,0
Colomer,0,0.028,102,171881.41,0.177,16.6792,757,-161.97,-0.323 ,0.509 ,0,0,0,0,0,0,0,0,0,1,0,0,0,0,0,0,0,0,0,0,0,0,0,0,0,0,0,0,0,0,0,0,0,0,0,0,0,0,0,0,0,0,0,0,0,0,0,0,0,0,0,0
Formentor,0,0.12,42,174768.84,0.343,17.0125,749,-75.26,-0.323 ,0.509 ,1,0,0,0,0,0,0,0,0,0,0,0,0,0,0,0,0,0,0,0,0,0,0,0,0,0,0,0,0,0,0,0,0,0,0,0,0,0,0,0,0,0,0,0,0,0,0,0,0,1,0,0
Binicodrell Petit,0,0.0003,3.9,221879.92,0.122,16.7458,566,-6.79,-0.323 ,0.563 ,0,0,0,0,0,0,0,0,0,1,0,0,0,0,0,0,0,0,0,0,0,0,0,0,0,0,0,0,0,0,0,0,0,0,0,0,0,0,0,0,0,0,0,0,0,0,0,0,0,0,0,0
Binicodrell Gros,0,0.005,6.1,221879.92,0.122,16.7458,566,-6.79,0.000 ,0.563 ,0,0,0,0,0,0,0,0,0,1,0,0,0,0,0,0,0,0,0,0,0,0,0,0,0,0,0,0,0,0,0,0,0,0,0,0,0,0,0,0,0,0,0,0,0,0,0,0,0,0,0,0
del Rei,0,0.045,14.5,233078.11,0.329,17.1333,544,-35.18,-0.323 ,0.562 ,1,0,0,0,0,0,0,0,0,1,0,0,0,0,0,0,0,0,0,0,0,0,0,0,0,0,0,0,0,0,0,0,0,0,0,0,0,0,0,0,0,0,0,0,0,0,0,0,0,1,0,0
S'Illot,0,0.002,2.5,181247.39,0.049,16.75,742,-18,-0.323 ,0.510 ,1,0,0,0,0,0,0,0,0,0,0,0,0,0,0,0,0,0,0,0,0,0,0,0,0,0,0,0,0,0,0,0,0,0,0,0,0,0,0,0,0,0,0,0,0,0,0,0,0,1,0,0
Alcanada,0,0.0225,8.5,184274.7,0.299,16.7667,731,-11.63,-0.323 ,0.509 ,1,0,0,0,0,0,0,0,0,0,0,0,0,0,0,0,0,0,0,0,0,0,0,0,0,0,0,0,0,0,0,0,0,0,0,0,0,0,0,0,0,0,0,0,0,0,0,0,0,1,0,0
S'Illeta,0,0.03125,93,170201.09,0.185,16.0667,559,189.59,-0.323 ,0.509 ,1,0,0,0,0,0,0,0,0,0,0,0,0,0,0,0,0,0,0,0,0,0,0,0,0,0,0,0,0,0,0,1,0,0,0,0,0,0,0,0,0,0,0,0,0,0,0,0,0,0,0,0
de l'Aire,0,0.345,15,241191.53,0.327,17.075,544,-190.95,-0.323 ,0.560 ,0,0,0,0,0,0,0,0,0,1,0,0,0,0,0,0,0,0,0,0,0,0,0,0,0,0,0,0,0,0,0,0,0,0,0,0,0,0,0,0,0,0,0,0,0,0,0,0,0,0,0,0
Porros (Santa Margalida),0,0.003125,3.8,192718.69,0.091,16.7667,677,51.38,-0.323 ,0.509 ,1,0,0,0,0,0,0,0,0,0,0,0,0,0,0,0,0,0,0,0,0,0,0,0,0,0,0,0,0,0,0,0,0,0,0,0,0,0,0,0,0,0,0,0,0,0,0,0,0,1,0,0
Mallorca,246.2,3640,1445,173312.58,0.27,16.22,602.42,-246.67,5.164 ,0.510 ,4,1,0,0,0,0,0,0,0,0,1,0,0,0,0,0,0,0,0,0,0,0,0,0,0,0,0,0,0,0,0,1,0,0,0,0,0,0,0,0,0,0,0,0,1,1,0,0,0,1,0,0
Sa Dragonera,0,2.97,360,174395.72,0.361,16.5917,472,-39.12,-0.323 ,0.508 ,1,0,0,0,0,0,0,0,0,1,0,0,0,0,0,0,0,0,0,0,0,0,0,0,0,0,0,0,0,0,0,0,0,0,0,0,0,0,0,0,0,0,0,0,0,0,0,0,0,1,0,0
Pantaleu,0,0.025,26,174642.14,0.216,17.0917,443,-15.67,-0.323 ,0.509 ,1,0,0,0,0,0,0,0,0,0,0,0,0,0,0,0,0,0,0,0,0,0,0,0,0,0,0,0,0,0,0,0,0,0,0,0,0,0,0,0,0,0,0,0,0,0,0,0,0,1,0,0
Ses Illetes,0,0.041,12,195545.7,0.177,17.0042,412,53.97,-0.323 ,0.509 ,0,0,0,0,0,0,0,0,0,0,1,0,0,0,0,0,0,0,0,0,0,0,0,0,0,0,0,0,0,0,0,0,0,0,0,0,0,0,0,0,0,0,0,0,0,0,0,0,0,0,0,0
Sales,0,0.00875,6,193473.88,0.129,16.7708,434,43.29,-0.323 ,0.509 ,1,0,0,0,0,0,0,0,0,0,0,0,0,0,0,0,0,0,0,0,0,0,0,0,0,0,0,0,0,0,0,0,0,0,0,0,0,0,0,0,0,0,0,0,0,0,0,0,0,1,0,0
Sa Porrasa,0,0.062,18,192961.2,0.177,16.9833,419,30.51,-0.323 ,0.509 ,1,0,0,0,0,0,0,0,0,1,0,0,0,0,0,0,0,0,0,0,0,0,0,0,0,0,0,0,0,0,0,0,0,0,0,0,0,0,0,0,0,0,0,0,0,0,0,0,0,1,0,0
Conills (Calvià),0,0.0106,29,186800.92,0.141,17.15,426,26.18,0.000 ,0.509 ,1,0,0,0,0,0,0,0,0,1,0,0,0,0,0,0,0,0,0,0,0,0,0,0,0,0,0,0,0,0,0,0,0,0,0,0,0,0,0,0,0,0,0,0,0,0,0,0,0,1,0,0
Malgrats,0,0.0875,47,186800.92,0.15,17.15,426,9.03,-0.323 ,0.509 ,1,0,0,0,0,0,0,0,0,1,0,0,0,0,0,0,0,0,0,0,0,0,0,0,0,0,0,0,0,0,0,0,0,0,0,0,0,0,0,0,0,0,0,0,0,0,0,0,0,1,0,0
Toro,0,0.00625,28.9,192622.44,0.103,17.2458,415,-40.25,-0.323 ,0.508 ,1,0,0,0,0,0,0,0,0,1,0,0,0,0,0,0,0,0,0,0,0,0,0,0,0,0,0,0,0,0,0,1,0,0,0,0,0,0,0,0,0,0,0,0,0,0,0,0,0,0,0,0
Gavina,0,0.00375,2,229342.88,0.127,17.1083,513,2.84,-0.323 ,0.509 ,1,0,0,0,0,0,0,0,0,0,0,0,0,0,0,0,0,0,0,0,0,0,0,0,0,0,0,0,0,0,0,0,0,0,0,0,0,0,0,0,0,0,0,0,0,0,0,0,0,1,0,0
Guardis,0,0.025,7,236045.33,0.173,17.1958,511,-16.16,-0.323 ,0.509 ,1,0,0,0,0,0,0,0,0,1,0,0,0,0,0,0,0,0,0,0,0,0,0,0,0,0,0,0,0,0,0,0,0,0,0,0,0,0,0,0,0,0,0,0,0,0,0,0,0,1,0,0
Moltona,0,0.06,9,232759.47,0.277,17.2208,513,-20.96,-0.323 ,0.509 ,1,0,0,0,0,0,0,0,0,1,0,0,0,0,0,0,0,0,0,0,0,0,0,0,0,0,0,0,0,0,0,0,0,0,0,0,0,0,0,0,0,0,0,0,0,0,0,0,0,1,0,0
Foradada,0,0.0162,17,240920.8,0.159,17.2167,505,-69.86,-0.471 ,0.490 ,0,0,0,0,0,0,0,0,0,1,0,0,0,0,0,0,0,0,0,0,0,0,0,0,0,0,0,0,0,0,0,0,0,0,0,0,0,0,0,0,0,0,0,0,0,0,0,0,0,0,0,0
Pobra,0,0.0294,24,242300,0.145,17.2167,505,-77.07,0.063 ,0.489 ,0,0,0,0,0,0,0,0,0,1,0,0,0,0,0,0,0,0,0,0,0,0,0,0,0,0,0,0,0,0,0,0,0,0,0,0,0,0,0,0,0,0,0,0,0,0,0,0,0,0,0,0
Plana (Cabrera),0,0.0562,22,241880,0.191,17.2167,505,-80.3,0.596 ,0.489 ,1,0,0,0,0,0,0,0,0,1,0,0,0,0,0,0,0,0,0,0,0,0,0,0,0,0,0,0,0,0,0,0,0,0,0,0,0,0,0,0,0,0,0,0,0,0,0,0,0,1,0,0
Esponja,0,0.0044,23,241460,0.063,17.2083,503,-80.08,-0.471 ,0.487 ,0,0,0,0,0,0,0,0,0,1,0,0,0,0,0,0,0,0,0,0,0,0,0,0,0,0,0,0,0,0,0,0,0,0,0,0,0,0,0,0,0,0,0,0,0,0,0,0,0,0,0,0
dels Conills,0,1.37,100,240440,0.405,17.2083,503,-90.53,0.063 ,0.487 ,1,0,0,0,0,0,0,0,0,1,0,0,0,0,0,0,0,0,0,0,0,0,0,0,0,0,0,0,0,0,0,0,0,0,0,0,0,0,0,0,0,0,0,0,0,0,0,0,0,1,0,0
Redona (Cabrera),0,0.1076,56,241710,0.213,17.1542,516,-145.09,-0.471 ,0.483 ,0,0,0,0,0,0,0,0,0,1,0,0,0,0,0,0,0,0,0,0,0,0,0,0,0,0,0,0,0,0,0,0,0,0,0,0,0,0,0,0,0,0,0,0,0,0,0,0,0,0,0,0
Fonoll Petit,0,0.001,1,240420,0.093,17.1625,515,-188.56,-0.471 ,0.485 ,0,0,0,0,0,0,0,0,0,1,0,0,0,0,0,0,0,0,0,0,0,0,0,0,0,0,0,0,0,0,0,0,0,0,0,0,0,0,0,0,0,0,0,0,0,0,0,0,0,0,0,0
Fonoll Gros,0,0.0037,13,240380,0.102,17.1625,515,-188.56,-0.471 ,0.484 ,0,0,0,0,0,0,0,0,0,1,0,0,0,0,0,0,0,0,0,0,0,0,0,0,0,0,0,0,0,0,0,0,0,0,0,0,0,0,0,0,0,0,0,0,0,0,0,0,0,0,0,0
Ses Bledes,0,0.0053,9,240030,0.097,17.1292,521,-220.59,-0.471 ,0.484 ,0,0,0,0,0,0,0,0,0,1,0,0,0,0,0,0,0,0,0,0,0,0,0,0,0,0,0,0,0,0,0,0,0,0,0,0,0,0,0,0,0,0,0,0,0,0,0,0,0,0,0,0
Cabrera,0,15.7,172,236120,0.331,17.075,524,-208.86,3.796 ,0.485 ,2,0,0,0,0,0,0,0,0,1,0,0,0,0,0,0,0,0,0,0,0,0,0,0,0,0,0,0,0,0,0,1,0,0,0,0,0,0,0,0,0,0,0,0,0,0,0,0,0,1,0,0
Ses Rates (Cabrera),0,0.0039,8.5,236660,0.056,17.3958,492,-125.49,-0.471 ,0.484 ,0,0,0,0,0,0,0,0,0,1,0,0,0,0,0,0,0,0,0,0,0,0,0,0,0,0,0,0,0,0,0,0,0,0,0,0,0,0,0,0,0,0,0,0,0,0,0,0,0,0,0,0
Xapat Petit,0,0.0057,35,237780,0.074,17.2167,511,-188.55,0.063 ,0.484 ,0,0,0,0,0,0,0,0,0,1,0,0,0,0,0,0,0,0,0,0,0,0,0,0,0,0,0,0,0,0,0,0,0,0,0,0,0,0,0,0,0,0,0,0,0,0,0,0,0,0,0,0
Teula,0,0.0058,35,238130,0.054,17.1583,517,-211.08,-0.471 ,0.484 ,0,0,0,0,0,0,0,0,0,1,0,0,0,0,0,0,0,0,0,0,0,0,0,0,0,0,0,0,0,0,0,0,0,0,0,0,0,0,0,0,0,0,0,0,0,0,0,0,0,0,0,0
Imperial ,0,0.0305,70,239490,0.155,17.2167,515,-262.97,-0.471 ,0.484 ,1,0,0,0,0,0,0,0,0,1,0,0,0,0,0,0,0,0,0,0,0,0,0,0,0,0,0,0,0,0,0,0,0,0,0,0,0,0,0,0,0,0,0,0,0,0,0,0,0,1,0,0
Xapat Gros,0,0.0113,44,237780,0.115,17.2167,511,-194.74,0.063 ,0.484 ,0,0,0,0,0,0,0,0,0,1,0,0,0,0,0,0,0,0,0,0,0,0,0,0,0,0,0,0,0,0,0,0,0,0,0,0,0,0,0,0,0,0,0,0,0,0,0,0,0,0,0,0
Dos Colls,0,0.0051,35,237550,0.049,17.2167,511,-189.79,0.063 ,0.483 ,0,0,0,0,0,0,0,0,0,1,0,0,0,0,0,0,0,0,0,0,0,0,0,0,0,0,0,0,0,0,0,0,0,0,0,0,0,0,0,0,0,0,0,0,0,0,0,0,0,0,0,0
Fora,0,0.0017,24,237870,0.031,17.2167,511,-224.08,-0.471 ,0.483 ,0,0,0,0,0,0,0,0,0,1,0,0,0,0,0,0,0,0,0,0,0,0,0,0,0,0,0,0,0,0,0,0,0,0,0,0,0,0,0,0,0,0,0,0,0,0,0,0,0,0,0,0
Canaret,0,0.003,1,115712.31,0.085,17.6,432,-43.74,-0.323 ,0.357 ,0,0,0,0,0,0,0,0,0,0,1,0,0,0,0,0,0,0,0,0,0,0,0,0,0,0,0,0,0,0,0,0,0,0,0,0,0,0,0,0,0,0,0,0,0,0,0,0,0,0,0,0
Xarraca,0,0.00375,17.3,116889.05,0.105,17.6,432,-37.62,-0.323 ,0.356 ,0,0,0,0,0,0,0,0,0,0,1,0,0,0,0,0,0,0,0,0,0,0,0,0,0,0,0,0,0,0,0,0,0,0,0,0,0,0,0,0,0,0,0,0,0,0,0,0,0,0,0,0
d'en Caldes,0,0.0225,19.7,114275.45,0.121,17.4167,434,-35.64,-0.323 ,0.357 ,0,0,0,0,0,0,0,0,0,0,1,0,0,0,0,0,0,0,0,0,0,0,0,0,0,0,0,0,0,0,0,0,0,0,0,0,0,0,0,0,0,0,0,0,0,0,0,0,0,0,0,0
Murada,0,0.0175,31.1,113760.32,0.173,17.2125,437,-20.19,-0.323 ,0.356 ,0,0,0,0,0,0,0,0,0,0,1,0,0,0,0,0,0,0,0,0,0,0,0,0,0,0,0,0,0,0,0,0,0,0,0,0,0,0,0,0,0,0,0,0,0,0,0,0,0,0,0,0
Margalida,0,0.01375,44,99975.74,0.073,17.4208,424,-51.92,-0.323 ,0.356 ,0,0,0,0,0,0,0,0,0,0,1,0,0,0,0,0,0,0,0,0,0,0,0,0,0,0,0,0,0,0,0,0,0,0,0,0,0,0,0,0,0,0,0,0,0,0,0,0,0,0,0,0
Tagomago,0,0.625,113,126685.5,0.302,17.4833,430,-89.22,-0.323 ,0.353 ,0,0,0,0,0,0,0,0,0,0,1,0,0,0,0,0,0,0,0,0,0,0,0,0,0,0,0,0,0,0,0,0,0,0,0,0,0,0,0,0,0,0,0,0,0,0,0,0,0,0,0,0
Cala Salada,0,0.00625,25.7,97191.84,0.094,17.5292,408,23.29,-0.323 ,0.357 ,0,0,0,0,0,0,0,0,0,0,1,0,0,0,0,0,0,0,0,0,0,0,0,0,0,0,0,0,0,0,0,0,0,0,0,0,0,0,0,0,0,0,0,0,0,0,0,0,0,0,0,0
Ibiza,258.8,577,475,87904.39,0.312,17.19,444.26,-225.48,5.809 ,0.357 ,2,1,0,0,0,0,0,0,0,0,1,0,0,0,0,0,0,0,0,0,0,0,0,0,0,0,0,0,0,0,0,1,0,0,0,0,0,0,0,0,0,0,0,0,0,0,0,0,0,1,0,0
Canar,0,0.01,24,121608.5,0.166,17.6833,430,-0.73,-0.323 ,0.356 ,1,0,0,0,0,0,0,0,0,0,1,0,0,0,0,0,0,0,0,0,0,0,0,0,0,0,0,0,0,0,0,0,0,0,0,0,0,0,0,0,0,0,0,0,0,0,0,0,0,1,0,0
Sa Conillera,0,1.17,68,88840.92,0.284,17.6542,398,-37.01,-0.323 ,0.354 ,1,0,0,0,0,0,0,0,0,0,1,0,0,0,0,0,0,0,0,0,0,0,0,0,0,0,0,0,0,0,0,1,0,0,0,0,0,0,0,0,0,0,0,0,0,0,0,0,0,0,0,0
Llarga,0,0.03,7.2,121496.86,0.179,17.7,429,-4.27,0.000 ,0.356 ,2,0,0,0,0,0,0,0,0,0,1,0,0,0,0,0,0,0,0,0,0,0,0,0,0,0,0,0,0,0,0,1,0,0,0,0,0,0,0,0,0,0,0,0,0,0,0,0,0,1,0,0
Escull Vermell,0,0.00176,23,85571.12,0.033,17.5583,395,-149.18,-0.323 ,0.346 ,0,0,0,0,0,0,0,0,0,0,1,0,0,0,0,0,0,0,0,0,0,0,0,0,0,0,0,0,0,0,0,0,0,0,0,0,0,0,0,0,0,0,0,0,0,0,0,0,0,0,0,0
Redona,0,0.015,27,120272.05,0.198,17.7,429,1.64,-0.323 ,0.355 ,1,0,0,0,0,0,0,0,0,0,1,0,0,0,0,0,0,0,0,0,0,0,0,0,0,0,0,0,0,0,0,0,0,0,0,0,0,0,0,0,0,0,0,0,0,0,0,0,0,1,0,0
Na Plana (Bledes),0,0.03125,18,84941.22,0.126,17.5583,395,-150.56,0.000 ,0.346 ,1,0,0,0,0,0,0,0,0,0,1,0,0,0,0,0,0,0,0,0,0,0,0,0,0,0,0,0,0,0,0,1,0,0,0,0,0,0,0,0,0,0,0,0,0,0,0,0,0,0,0,0
Na Bosc,0,0.031,39,84876.6,0.142,17.5583,395,-116.67,0.000 ,0.348 ,1,0,0,0,0,0,0,0,0,0,1,0,0,0,0,0,0,0,0,0,0,0,0,0,0,0,0,0,0,0,0,1,0,0,0,0,0,0,0,0,0,0,0,0,0,0,0,0,0,0,0,0
Bosc,0,0.18,67,89426.95,0.276,17.8958,392,-26.04,0.000 ,0.356 ,0,0,0,0,0,0,0,0,0,0,1,0,0,0,0,0,0,0,0,0,0,0,0,0,0,0,0,0,0,0,0,0,0,0,0,0,0,0,0,0,0,0,0,0,0,0,0,0,0,0,0,0
Na Gorra,0,0.015625,29,85078.37,0.115,17.5583,395,-105.97,0.000 ,0.348 ,0,0,0,0,0,0,0,0,0,0,1,0,0,0,0,0,0,0,0,0,0,0,0,0,0,0,0,0,0,0,0,0,0,0,0,0,0,0,0,0,0,0,0,0,0,0,0,0,0,0,0,0
S'Espartar,0,0.19,67,86925.54,0.197,17.8958,392,-44.36,0.645 ,0.354 ,1,0,0,0,0,0,0,0,0,0,1,0,0,0,0,0,0,0,0,0,0,0,0,0,0,0,0,0,0,0,0,0,0,0,0,0,0,0,0,0,0,0,0,0,0,0,0,0,0,1,0,0
Escull de S'Espartar,0,0.002,10,88229.98,0.074,17.8958,392,-43.42,-0.323 ,0.353 ,0,0,0,0,0,0,0,0,0,0,1,0,0,0,0,0,0,0,0,0,0,0,0,0,0,0,0,0,0,0,0,0,0,0,0,0,0,0,0,0,0,0,0,0,0,0,0,0,0,0,0,0
Frare,0,0.005,25,86805.07,0.127,17.8458,397,-54.63,-0.323 ,0.354 ,0,0,0,0,0,0,0,0,0,0,1,0,0,0,0,0,0,0,0,0,0,0,0,0,0,0,0,0,0,0,0,0,0,0,0,0,0,0,0,0,0,0,0,0,0,0,0,0,0,0,0,0
Negra ,0,0.00375,9.5,106790.41,0.09,17.6458,426,23.51,-0.323 ,0.356 ,0,0,0,0,0,0,0,0,0,0,1,0,0,0,0,0,0,0,0,0,0,0,0,0,0,0,0,0,0,0,0,0,0,0,0,0,0,0,0,0,0,0,0,0,0,0,0,0,0,0,0,0
Ses Rates (Ibiza),0,0.01,12.5,105320.34,0.157,17.6917,432,9.84,-0.323 ,0.356 ,0,0,0,0,0,0,0,0,0,0,1,0,0,0,0,0,0,0,0,0,0,0,0,0,0,0,0,0,0,0,0,0,0,0,0,0,0,0,0,0,0,0,0,0,0,0,0,0,0,0,0,0
Dau Gran,0,0.0012,12,107384.6,0.019,17.6958,421,14.51,-0.323 ,0.351 ,0,0,0,0,0,0,0,0,0,0,1,0,0,0,0,0,0,0,0,0,0,0,0,0,0,0,0,0,0,0,0,0,0,0,0,0,0,0,0,0,0,0,0,0,0,0,0,0,0,0,0,0
Hort,0,0.003125,15.8,87673.34,0.05,17.6958,402,-50.73,-0.323 ,0.356 ,0,0,0,0,0,0,0,0,0,0,1,0,0,0,0,0,0,0,0,0,0,0,0,0,0,0,0,0,0,0,0,0,0,0,0,0,0,0,0,0,0,0,0,0,0,0,0,0,0,0,0,0
Malvi Petit,0,0.0058,20,106676.98,0.158,17.6458,426,17.23,-0.323 ,0.352 ,0,0,0,0,0,0,0,0,0,0,1,0,0,0,0,0,0,0,0,0,0,0,0,0,0,0,0,0,0,0,0,0,0,0,0,0,0,0,0,0,0,0,0,0,0,0,0,0,0,0,0,0
Malvi Gran,0,0.0066,21,105969.52,0.137,17.6458,426,11.01,0.323 ,0.353 ,1,0,0,0,0,0,0,0,0,0,1,0,0,0,0,0,0,0,0,0,0,0,0,0,0,0,0,0,0,0,0,0,0,0,0,0,0,0,0,0,0,0,0,0,0,0,0,0,0,1,0,0
Sal Rosa,0,0.00875,4.8,103329.12,0.094,17.8583,425,8.36,-0.323 ,0.356 ,0,0,0,0,0,0,0,0,0,0,1,0,0,0,0,0,0,0,0,0,0,0,0,0,0,0,0,0,0,0,0,0,0,0,0,0,0,0,0,0,0,0,0,0,0,0,0,0,0,0,0,0
Porroig,0,0.0062,14.5,94415.15,0.059,17.8792,416,22.63,-0.323 ,0.357 ,0,0,0,0,0,0,0,0,0,0,1,0,0,0,0,0,0,0,0,0,0,0,0,0,0,0,0,0,0,0,0,0,0,0,0,0,0,0,0,0,0,0,0,0,0,0,0,0,0,0,0,0
Vedranell,0,0.19,117,86151.15,0.141,17.575,391,-51.89,0.000 ,0.355 ,0,0,0,0,0,0,0,0,0,0,1,0,0,0,0,0,0,0,0,0,0,0,0,0,0,0,0,0,0,0,0,0,0,0,0,0,0,0,0,0,0,0,0,0,0,0,0,0,0,0,0,0
Es Vedrà,0,0.72,413,84308.27,0.208,17.575,391,-58.99,-0.323 ,0.354 ,0,0,0,0,0,0,0,0,0,0,1,0,0,0,0,0,0,0,0,0,0,0,0,0,0,0,0,0,0,0,0,0,0,0,0,0,0,0,0,0,0,0,0,0,0,0,0,0,0,0,0,0
Caragoler,0,0.0025,5.7,102993.4,0.145,17.9125,410,-24.66,0.000 ,0.356 ,0,0,0,0,0,0,0,0,0,0,1,0,0,0,0,0,0,0,0,0,0,0,0,0,0,0,0,0,0,0,0,0,0,0,0,0,0,0,0,0,0,0,0,0,0,0,0,0,0,0,0,0
Es Penjats,0,0.0625,22,103865.12,0.209,17.9125,410,-38.51,0.323 ,0.353 ,1,0,0,0,0,0,0,0,0,0,1,0,0,0,0,0,0,0,0,0,0,0,0,0,0,0,0,0,0,0,0,0,0,0,0,0,0,0,0,0,0,0,0,0,0,0,0,0,0,1,0,0
Negra Grossa,0,0.013,8,102338.03,0.169,17.9125,410,-37.18,-0.323 ,0.352 ,1,0,0,0,0,0,0,0,0,0,1,0,0,0,0,0,0,0,0,0,0,0,0,0,0,0,0,0,0,0,0,0,0,0,0,0,0,0,0,0,0,0,0,0,0,0,0,0,0,1,0,0
Porcs,0,0.0125,4,104545.11,0.126,17.8167,405,-47.62,-0.323 ,0.348 ,0,0,0,0,0,0,0,0,0,0,1,0,0,0,0,0,0,0,0,0,0,0,0,0,0,0,0,0,0,0,0,0,0,0,0,0,0,0,0,0,0,0,0,0,0,0,0,0,0,0,0,0
Espardell,0,0.56,28,107988.91,0.288,17.5708,492,-65.93,-0.323 ,0.339 ,0,0,0,0,0,0,0,0,0,0,1,0,0,0,0,0,0,0,0,0,0,0,0,0,0,0,0,0,0,0,0,0,0,0,0,0,0,0,0,0,0,0,0,0,0,0,0,0,0,0,0,0
Torreta,0,0.05375,5.5,103906.16,0.156,17.8167,405,-47.34,-0.323 ,0.348 ,0,0,0,0,0,0,0,0,0,0,1,0,0,0,0,0,0,0,0,0,0,0,0,0,0,0,0,0,0,0,0,0,0,0,0,0,0,0,0,0,0,0,0,0,0,0,0,0,0,0,0,0
S'Espalmador,0,1.45,22,103306.46,0.262,17.7458,405,-48.92,1.291 ,0.349 ,1,0,0,0,0,0,0,0,0,0,1,0,0,0,0,0,0,0,0,0,0,0,0,0,0,0,0,0,0,0,0,1,0,0,0,0,0,0,0,0,0,0,0,0,0,0,0,0,0,0,0,0
Gastabi,0,0.0125,4.5,103873.48,0.144,17.8583,403,-48.03,-0.323 ,0.347 ,0,0,0,0,0,0,0,0,0,0,1,0,0,0,0,0,0,0,0,0,0,0,0,0,0,0,0,0,0,0,0,0,0,0,0,0,0,0,0,0,0,0,0,0,0,0,0,0,0,0,0,0
Pouet,0,0.01125,7.2,104490.46,0.134,17.8125,403,-53,-0.323 ,0.348 ,0,0,0,0,0,0,0,0,0,0,1,0,0,0,0,0,0,0,0,0,0,0,0,0,0,0,0,0,0,0,0,0,0,0,0,0,0,0,0,0,0,0,0,0,0,0,0,0,0,0,0,0
Redona (des Conills),0,0.005,9.5,104681.41,0.143,17.8125,403,-53.45,-0.323 ,0.347 ,0,0,0,0,0,0,0,0,0,0,1,0,0,0,0,0,0,0,0,0,0,0,0,0,0,0,0,0,0,0,0,0,0,0,0,0,0,0,0,0,0,0,0,0,0,0,0,0,0,0,0,0
Formentera,145.5,83,119,99994.02,0.362,17.72,415.17,-174.86,0.323 ,0.348 ,2,1,0,0,0,0,0,0,0,0,1,0,0,0,0,0,0,0,0,0,0,0,0,0,0,0,0,0,0,0,0,1,0,0,0,0,0,0,0,0,0,0,0,0,0,0,0,0,0,1,0,0
Psathoura,0,0.83,13,53017,0.408,17.3167,454,-248.6,-0.735 ,0.295 ,2,0,0,0,0,0,0,0,0,0,0,0,0,0,0,0,0,0,0,0,0,0,0,0,0,0,0,0,0,0,0,0,0,0,0,0,0,0,1,0,0,0,1,0,0,0,0,0,0,0,0,0
Gioura,0,11.05,570,60155,0.276,14.9833,481,-262.95,1.061 ,0.362 ,1,1,0,0,0,0,0,0,0,0,0,0,0,0,0,0,0,0,0,0,0,0,0,0,0,0,0,0,0,0,0,0,0,0,0,0,0,0,0,0,0,0,1,0,0,0,0,0,0,0,0,0
Piperi,0,4.4,324,85503,0.29,16.6792,435,-284.04,-0.735 ,0.244 ,0,0,0,0,0,0,0,0,0,0,0,0,0,0,0,0,0,1,0,0,0,0,0,0,0,0,0,0,0,0,0,0,0,0,0,0,0,0,0,0,0,0,0,0,0,0,0,0,0,0,0,0
Kyra Panagia,0,25,299,61682,0.429,16.5708,443,-359.08,1.061 ,0.400 ,2,1,0,0,0,0,0,0,0,0,0,0,0,0,0,0,0,0,0,0,0,0,0,0,0,0,0,0,0,0,0,0,0,0,0,0,0,0,1,0,0,0,1,0,0,0,0,0,0,0,0,0
Melissa,0,0.17,44,60786,0.403,17.2625,422,-408.38,-0.735 ,0.397 ,1,0,0,0,0,0,0,0,0,0,0,0,0,0,0,0,0,0,0,0,0,0,0,0,0,0,0,0,0,0,0,0,0,0,0,0,0,0,1,0,0,0,0,0,0,0,0,0,0,0,0,0
Lechousa,0,0.51,105,55908,0.312,17.3625,424,-209.01,-0.735 ,0.437 ,1,0,0,0,0,0,0,0,0,0,0,0,0,0,0,0,0,0,0,0,0,0,0,0,0,0,0,0,0,0,0,0,0,0,0,0,0,0,1,0,0,0,0,0,0,0,0,0,0,0,0,0
Alonissos,21,64.5,476,41514,0.427,16.1958,467,-518.79,1.960 ,0.462 ,5,1,0,0,0,0,0,0,0,0,0,0,0,0,0,0,0,0,0,0,0,0,1,0,0,0,0,0,0,0,0,1,0,0,0,0,1,0,1,0,0,0,1,0,0,0,0,0,0,0,0,0
Manolas,0,0.09,41,44213,0.273,17.2167,432,-446.69,-0.735 ,0.460 ,2,0,0,0,0,0,0,0,0,0,0,0,0,0,0,0,0,0,0,0,0,0,0,0,0,0,0,0,0,0,0,0,0,0,0,0,0,0,1,0,0,0,1,0,0,0,0,0,0,0,0,0
Aspronisi,0,0.18,70,14617,0.403,17.8083,449,-255.33,-0.503 ,0.366 ,1,1,0,0,0,0,0,0,0,0,0,0,0,0,0,0,0,0,0,0,0,0,0,0,0,0,0,0,0,0,0,0,0,0,0,0,0,0,0,0,0,0,1,0,0,0,0,0,0,0,0,0
Skiathos,130,49.9,433,4078,0.464,16.7458,471,-474.88,2.728 ,0.369 ,2,1,0,0,0,0,0,0,0,0,0,0,0,0,0,0,0,0,0,0,0,0,0,0,0,0,0,0,0,0,0,0,0,0,0,0,1,1,0,0,0,0,0,0,0,0,0,0,0,0,0,0
Arkos,0,0.4,84,14640,0.365,17.5417,450,-207.23,-0.503 ,0.362 ,2,0,0,0,0,0,0,0,0,0,0,0,0,0,0,0,0,0,0,0,0,0,0,0,0,0,0,0,0,0,0,0,0,0,0,0,1,0,0,0,0,0,1,0,0,0,0,0,0,0,0,0
Maragós,0,0.08,57,13301,0.386,17.6375,453,-204.18,-0.503 ,0.365 ,1,0,0,0,0,0,0,0,0,0,0,0,0,0,0,0,0,0,0,0,0,0,0,0,0,0,0,0,0,0,0,0,0,0,0,0,0,0,0,0,0,0,1,0,0,0,0,0,0,0,0,0
Repi,0,0.05,23,15799,0.219,17.5417,450,-215.67,-0.503 ,0.350 ,2,0,0,0,0,0,0,0,0,0,0,0,0,0,0,0,0,0,0,0,0,0,0,0,0,0,0,0,0,0,0,0,0,0,0,0,0,0,1,0,0,0,1,0,0,0,0,0,0,0,0,0
Kasida,0,0.002594,6,23551,0.051,16.6417,453,-316.56,-0.503 ,0.410 ,1,0,0,0,0,0,0,0,0,0,0,0,0,0,0,0,0,0,0,0,0,0,0,0,0,0,0,0,0,0,0,0,0,0,0,0,0,0,1,0,0,0,0,0,0,0,0,0,0,0,0,0
Adelfopoulo,0,0.37,127,55101,0.295,17.5375,428,-128.03,-0.735 ,0.527 ,1,1,0,0,0,0,0,0,0,0,0,0,0,0,0,0,0,0,0,0,0,0,0,0,0,0,0,0,0,0,0,0,0,0,0,0,0,0,1,0,0,0,0,0,0,0,0,0,0,0,0,0
Tsougkriaki,0,0.09,52,12670,0.363,17.6792,455,-264.29,0.144 ,0.357 ,1,0,0,0,0,0,0,0,0,0,0,0,0,0,0,0,0,0,0,0,0,0,0,0,0,0,0,0,0,0,0,0,0,0,0,0,0,0,0,0,0,0,1,0,0,0,0,0,0,0,0,0
Tsougkrias,0,1.2,83,13980,0.414,17.6583,460,-279.56,-0.503 ,0.348 ,2,1,0,0,0,0,0,0,0,0,0,0,0,0,0,0,0,0,0,0,0,0,0,0,0,0,0,0,0,0,0,1,0,0,0,0,1,0,0,0,0,0,0,0,0,0,0,0,0,0,0,0
Skopelos,52,96.3,681,20969,0.493,15.7042,498,-619.93,0.144 ,0.430 ,4,1,0,0,0,0,0,0,0,0,0,0,0,0,0,0,0,0,0,0,0,0,1,0,0,0,0,0,0,0,0,1,0,0,0,0,1,0,0,0,0,0,1,0,0,0,0,0,0,0,0,0
Adelphi,0,1.09,162,55164,0.353,17.2417,434,-131.44,1.061 ,0.529 ,2,1,0,0,0,0,0,0,0,0,0,0,0,0,0,0,0,0,0,0,0,0,0,0,0,0,0,0,0,0,0,0,0,0,0,0,0,0,1,0,0,0,1,0,0,0,0,0,0,0,0,0
Skantzoura,0,6.6,93,65770,0.389,17.2083,423,-314.04,-0.735 ,0.602 ,1,1,0,0,0,0,0,0,0,0,0,0,0,0,0,0,0,0,0,0,0,0,0,0,0,0,0,0,0,0,0,0,0,0,0,0,0,0,0,0,0,0,1,0,0,0,0,0,0,0,0,0
Vório Pódhi,0,0.11,18,93455,0.298,17.4375,418,-225.52,-0.335 ,0.786 ,0,0,0,0,0,0,0,0,0,0,0,0,0,0,0,0,0,1,0,0,0,0,0,0,0,0,0,0,0,0,0,0,0,0,0,0,0,0,0,0,0,0,0,0,0,0,0,0,0,0,0,0
Mesa Podia,0,0.1,36,91664,0.264,17.4375,418,-227.75,0.056 ,0.803 ,0,0,0,0,0,0,0,0,0,0,0,0,0,0,0,0,0,1,0,0,0,0,0,0,0,0,0,0,0,0,0,0,0,0,0,0,0,0,0,0,0,0,0,0,0,0,0,0,0,0,0,0
Exo Podies,0,0.01,1,90932,0.235,17.4375,418,-193.03,0.056 ,0.810 ,0,0,0,0,0,0,0,0,0,0,0,0,0,0,0,0,0,1,0,0,0,0,0,0,0,0,0,0,0,0,0,0,0,0,0,0,0,0,0,0,0,0,0,0,0,0,0,0,0,0,0,0
Kalógria,0,0.09,10,84299,0.355,17.2833,394,-116.23,-0.335 ,0.817 ,0,0,0,0,0,0,0,0,0,0,0,0,0,0,0,0,0,1,0,0,0,0,0,0,0,0,0,0,0,0,0,0,0,0,0,0,0,0,0,0,0,0,0,0,0,0,0,0,0,0,0,0
Atsitsa,0,0.04,15,82346,0.333,17,404,-111.6,-0.335 ,0.818 ,0,0,0,0,0,0,0,0,0,0,0,0,0,0,0,0,0,1,0,0,0,0,0,0,0,0,0,0,0,0,0,0,0,0,0,0,0,0,0,0,0,0,0,0,0,0,0,0,0,0,0,0
Skyros,13,209.5,792,75062,0.316,15.6667,458,-498.12,3.572 ,0.819 ,3,1,0,0,0,0,0,0,0,0,0,0,0,0,0,0,0,1,0,0,0,0,0,0,0,0,0,0,0,0,0,1,0,0,0,0,1,0,1,0,0,0,0,0,0,0,0,0,0,0,0,0
Áyios Fokás,0,0.004407,1,78024,0.16,17.1125,399,-68.45,-0.335 ,0.813 ,1,0,0,0,0,0,0,0,0,0,0,0,0,0,0,0,0,0,0,0,0,0,0,0,0,0,0,0,0,0,0,0,0,0,0,0,0,0,1,0,0,0,0,0,0,0,0,0,0,0,0,0
Lakkonísi,0,0.02,1,77277,0.284,17.1917,396,-59.8200,-0.335 ,0.813 ,1,0,0,0,0,0,0,0,0,0,0,0,0,0,0,0,0,1,0,0,0,0,0,0,0,0,0,0,0,0,0,0,0,0,0,0,0,0,1,0,0,0,0,0,0,0,0,0,0,0,0,0
Skiropoula,0,4.11,154,70302,0.37,17.1417,407,-270.33,-0.335 ,0.757 ,1,0,0,0,0,0,0,0,0,0,0,0,0,0,0,0,0,1,0,0,0,0,0,0,0,0,0,0,0,0,0,0,0,0,0,0,0,0,1,0,0,0,0,0,0,0,0,0,0,0,0,0
Rinia Skirou,0,0.57,26,73036,0.327,17.5042,393,-189.89,-0.335 ,0.777 ,0,0,0,0,0,0,0,0,0,0,0,0,0,0,0,0,0,1,0,0,0,0,0,0,0,0,0,0,0,0,0,0,0,0,0,0,0,0,0,0,0,0,0,0,0,0,0,0,0,0,0,0
Valaxa,0,4.76,192,73844,0.329,16.9167,409,-70.81,-0.335 ,0.818 ,1,0,0,0,0,0,0,0,0,0,0,0,0,0,0,0,0,1,0,0,0,0,0,0,0,0,0,0,0,0,0,0,0,0,0,0,0,0,1,0,0,0,0,0,0,0,0,0,0,0,0,0
Mésa Diavátis,0,0.04,10,76095,0.329,17.2542,392,-113.55,-0.335 ,0.816 ,1,0,0,0,0,0,0,0,0,0,0,0,0,0,0,0,0,1,0,0,0,0,0,0,0,0,0,0,0,0,0,0,0,0,0,0,0,0,1,0,0,0,0,0,0,0,0,0,0,0,0,0
Éxo Dhiavátis,0,0.02,5,74309,0.208,17.1542,397,-117.32,-0.335 ,0.806 ,1,0,0,0,0,0,0,0,0,0,0,0,0,0,0,0,0,1,0,0,0,0,0,0,0,0,0,0,0,0,0,0,0,0,0,0,0,0,1,0,0,0,0,0,0,0,0,0,0,0,0,0
Sarakino,0,3.41,120,75545,0.344,16.7833,400,-382.96,-0.335 ,0.814 ,0,0,0,0,0,0,0,0,0,0,0,0,0,0,0,0,0,1,0,0,0,0,0,0,0,0,0,0,0,0,0,0,0,0,0,0,0,0,0,0,0,0,0,0,0,0,0,0,0,0,0,0
Prassouda,0,0.07,20,49417,0.277,17.2583,422,-315.93,-0.906 ,0.921 ,1,0,0,0,0,0,0,0,0,0,0,0,0,0,0,0,0,0,0,0,0,0,0,0,0,0,0,0,0,0,0,0,0,0,0,0,0,0,1,0,0,0,0,0,0,0,0,0,0,0,0,0
Euboea,54,3684,1743,161,0.372,15.4728,510,-148.02,0.139 ,1.000 ,9,1,0,0,0,0,0,0,0,0,0,0,0,0,0,0,0,0,0,0,0,0,1,0,1,0,0,0,1,0,0,1,0,0,0,0,1,1,1,0,0,0,1,0,0,0,1,0,0,0,0,0
Andros,24,374,997,56474,0.446,16.40897887,463,-311.21,-0.845 ,0.993 ,2,1,0,0,0,0,0,0,0,0,0,0,0,0,0,0,0,0,0,0,1,0,1,0,0,0,0,0,0,0,0,0,0,0,0,0,0,0,0,0,0,0,1,0,0,0,0,0,0,0,0,0
Spanopoula,0,0.01,5,26591,0.231,17.4958,392,-79.14,-0.906 ,0.887 ,2,0,0,0,0,0,0,0,0,0,0,0,0,0,0,0,0,0,0,0,0,0,0,0,0,0,0,0,1,0,0,0,0,0,0,0,0,0,0,0,0,0,1,0,0,0,0,0,0,0,0,0
Tinos ,44,194.46,750,78603,0.502,16.95794134,458,-220.79,0.169 ,0.993 ,5,1,0,0,0,0,0,0,0,0,0,0,0,0,0,0,0,0,0,0,1,0,1,0,0,0,0,0,0,0,0,1,0,0,0,0,0,0,1,0,0,0,1,0,0,0,0,0,1,0,0,0
Kea,16,128.9,560,19706,0.467,16.4042,456,-257.63,0.139 ,0.888 ,4,1,0,0,0,0,0,0,0,0,0,0,0,0,0,0,0,0,0,0,0,0,0,0,0,0,0,0,1,0,0,1,0,0,0,0,1,0,1,0,0,0,0,0,0,0,0,0,0,0,0,0
Gyaros,0,17.57,489,56812,0.323,16.8417,415,-209.06,-0.482 ,0.649 ,2,1,0,0,0,0,0,0,0,0,0,0,0,0,0,0,0,0,0,0,0,0,0,0,0,0,0,0,0,0,0,0,0,0,0,0,0,0,1,0,0,0,1,0,0,0,0,0,0,0,0,0
Mykonos,120,85.5,341,112696,0.442,17.85,430,-249.63,2.197 ,0.993 ,5,1,0,0,0,0,0,0,0,0,0,0,0,0,0,0,0,0,0,0,1,0,1,0,0,0,0,0,0,0,0,1,0,0,0,0,0,0,1,0,0,0,1,0,0,0,0,0,1,0,0,0
Tragonisi,0,1.5,144,110324,0.209,18.025,437,-179.03,-0.845 ,0.978 ,2,0,0,0,0,0,0,0,0,0,0,0,0,0,0,0,0,0,0,0,0,0,0,0,0,0,0,0,0,0,0,0,0,0,0,0,0,0,1,0,0,0,1,0,0,0,0,0,0,0,0,0
Syros,210,84.07,442,74428,0.472,18.10458986,403,-155.69,3.056 ,0.795 ,4,1,0,0,0,0,0,0,0,0,0,0,0,0,0,0,0,0,0,0,1,0,1,0,0,0,0,0,0,0,0,1,0,0,0,0,0,0,1,0,0,0,1,0,0,0,0,0,0,0,0,0
Gaidaros,0,0.5,37,83973,0.303,18.9958,382,-80.96,0.107 ,0.783 ,3,0,0,0,0,0,0,0,0,0,0,0,0,0,0,0,0,0,0,0,0,0,0,0,0,0,0,0,0,0,0,1,0,0,0,0,0,0,1,0,0,0,1,0,0,0,0,0,0,0,0,0
Mikro Gaidaros,0,0.05,41,86240,0.449,18.9958,382,-80.96,-0.482 ,0.781 ,1,0,0,0,0,0,0,0,0,0,0,0,0,0,0,0,0,0,0,0,0,0,0,0,0,0,0,0,0,0,0,0,0,0,0,0,0,0,0,0,0,0,1,0,0,0,0,0,0,0,0,0
Rineia,0,13.9,136,105049,0.459,17.8917,402,-72.93,0.107 ,0.948 ,4,0,0,0,0,0,0,0,0,0,0,0,0,0,0,0,0,0,0,0,0,0,1,0,0,0,0,0,0,0,0,0,0,0,0,0,0,0,1,0,0,0,1,0,0,0,0,0,1,0,0,0
Ktapodia,0,0.44,102,111369,0.197,18.2417,477,-184.82,-0.845 ,0.900 ,1,0,0,0,0,0,0,0,0,0,0,0,0,0,0,0,0,0,0,0,0,0,0,0,0,0,0,0,0,0,0,0,0,0,0,0,0,0,0,0,0,0,1,0,0,0,0,0,0,0,0,0
Kithnos,15,99.43,336,38196,0.505,17.575,407,-253.66,-0.482 ,0.884 ,5,1,0,0,0,0,0,0,0,0,0,0,0,0,0,0,0,0,0,0,0,0,0,0,0,0,0,0,1,0,0,1,0,0,0,0,1,0,1,0,0,0,1,0,0,0,0,0,0,0,0,0
Dilos,4,3.43,112,110718,0.463,18.1083,402,-62.16,0.107 ,0.942 ,5,1,0,0,0,0,0,0,0,0,0,0,0,0,0,0,0,0,0,0,0,0,1,0,0,0,0,0,0,0,0,1,0,0,0,0,0,0,1,0,0,0,1,0,0,0,0,0,1,0,0,0
Aspronisi,0,0.11,40,87244,0.396,18.9708,397,-52.85,-0.482 ,0.778 ,2,0,0,0,0,0,0,0,0,0,0,0,0,0,0,0,0,0,0,0,0,0,0,0,0,0,0,0,0,0,0,0,0,0,0,0,0,0,1,0,0,0,1,0,0,0,0,0,0,0,0,0
Schinonisi,0,0.05,20,78530,0.406,18.2417,379,-94.29,-0.482 ,0.792 ,1,0,0,0,0,0,0,0,0,0,0,0,0,0,0,0,0,0,0,0,0,0,0,0,0,0,0,0,0,0,0,0,0,0,0,0,0,0,0,0,0,0,1,0,0,0,0,0,0,0,0,0
Stroggilo(Syros),0,0.03,28,78801,0.279,18.0917,383,-95.11,-0.482 ,0.791 ,1,0,0,0,0,0,0,0,0,0,0,0,0,0,0,0,0,0,0,0,0,0,0,0,0,0,0,0,0,0,0,0,0,0,0,0,0,0,0,0,0,0,1,0,0,0,0,0,0,0,0,0
Chersóniso,0,0.05,12,111285,0.079,18.2875,394,-72.53,-0.482 ,0.942 ,1,0,0,0,0,0,0,0,0,0,0,0,0,0,0,0,0,0,0,0,0,0,0,0,0,0,0,0,0,0,0,0,0,0,0,0,0,0,0,0,0,0,1,0,0,0,0,0,0,0,0,0
Ktenia,0,0.048,1,107270,0.119,18.3666,513,-278.62,-0.845 ,0.761 ,1,0,0,0,0,0,0,0,0,0,0,0,0,0,0,0,0,0,0,0,0,0,0,0,0,0,0,0,0,0,0,0,0,0,0,0,0,0,0,0,0,0,1,0,0,0,0,0,0,0,0,0
Gaidouronisi,0,0.14,33,110422,0.377,18.2,392,-40.26,-0.462 ,0.920 ,2,0,0,0,0,0,0,0,0,0,0,0,0,0,0,0,0,0,0,0,0,0,0,0,0,0,0,0,0,0,0,0,0,0,0,0,0,0,1,0,0,0,1,0,0,0,0,0,0,0,0,0
Evriokastro,0,0.13,42,112256,0.359,18.2625,393,-40.26,-0.462 ,0.916 ,2,0,0,0,0,0,0,0,0,0,0,0,0,0,0,0,0,0,0,0,0,0,0,0,0,0,0,0,0,0,0,0,0,0,0,0,0,0,1,0,0,0,1,0,0,0,0,0,0,0,0,0
Vous,0,0.16,79,73414,0.304,18.0292,389,-193.27,-0.809 ,0.847 ,2,0,0,0,0,0,0,0,0,0,0,0,0,0,0,0,0,0,0,0,0,0,0,0,0,0,0,0,0,0,0,0,0,0,0,0,0,0,1,0,0,0,1,0,0,0,0,0,0,0,0,0
Serifos,19,75.21,585,63537,0.46,16.7125,455,-288.14,0.135 ,0.864 ,5,1,0,0,0,0,0,0,0,0,0,0,0,0,0,0,0,0,0,0,0,0,1,0,0,0,0,0,0,0,0,1,0,0,0,0,1,0,1,0,0,0,1,0,0,0,0,0,0,0,0,0
Donousa,12,13.75,385,118740,0.33,17.2708,527,-189.06,1.183 ,0.896 ,2,0,0,0,0,0,0,0,0,0,0,0,0,0,0,0,0,0,0,0,0,0,0,0,0,0,0,0,0,0,0,0,0,0,0,0,0,0,1,0,0,0,1,0,0,0,0,0,0,0,0,0
Macheres,0,0.86,97,131056,0.269,18.3958,467,-98.36,-0.845 ,0.820 ,1,0,0,0,0,0,0,0,0,0,0,0,0,0,0,0,0,0,0,0,0,0,0,0,0,0,0,0,0,0,0,0,0,0,0,0,0,0,0,0,0,0,1,0,0,0,0,0,0,0,0,0
Spyrídonos,0,0.01,6,112494,0.153,18.1792,387,30.44,-0.462 ,0.908 ,1,0,0,0,0,0,0,0,0,0,0,0,0,0,0,0,0,0,0,0,0,0,0,0,0,0,0,0,0,0,0,0,0,0,0,0,0,0,1,0,0,0,0,0,0,0,0,0,0,0,0,0
Naxos,44,429.8,1003,120151,0.388,17.14884738,489,-88.33,1.183 ,0.956 ,6,1,0,0,0,0,0,0,0,0,0,0,0,0,0,0,0,0,0,0,1,0,1,0,0,0,0,0,1,0,0,1,0,0,0,0,0,0,1,0,0,0,1,0,0,0,0,0,1,0,0,0
Paros,70,196.3,724,118435,0.471,16.6667,524,-82.62,3.357 ,0.924 ,5,1,0,0,0,0,0,0,0,0,0,0,0,0,0,0,0,0,0,0,1,0,1,0,0,0,0,0,0,0,0,1,0,0,0,0,0,0,1,0,0,0,1,0,0,0,0,0,1,0,0,0
Prasonisi(Paros),0,0.002378,5,123234,0.105,18.6292,401,17.67,-0.462 ,0.918 ,1,0,0,0,0,0,0,0,0,0,0,0,0,0,0,0,0,0,0,0,0,0,0,0,0,0,0,0,0,0,0,0,0,0,0,0,0,0,0,0,0,0,1,0,0,0,0,0,0,0,0,0
Levitha,0.54,9.12,133,66484,0.338,18.4,595,-422.95,-0.533 ,0.558 ,2,0,0,0,0,0,0,0,0,0,0,0,0,0,0,0,0,0,0,0,0,0,0,0,0,0,0,0,0,0,0,0,0,0,0,0,0,0,1,0,0,0,1,0,0,0,0,0,0,0,0,0
Antiparos,27,45.18,308,113366,0.398,17.8,421,-44.43,0.084 ,0.917 ,6,1,0,0,0,0,0,0,0,0,0,0,0,0,0,0,0,0,0,0,1,0,1,0,0,0,0,0,0,0,0,1,0,0,0,0,1,0,1,0,0,0,1,0,0,0,0,0,1,0,0,0
Tourlos,0,0.03,22,118309,0.324,18.425,390,-3.63,0.084 ,0.911 ,2,1,0,0,0,0,0,0,0,0,0,0,0,0,0,0,0,0,0,0,0,0,1,0,0,0,0,0,0,0,0,0,0,0,0,0,0,0,1,0,0,0,0,0,0,0,0,0,0,0,0,0
Drionisi,0,0.38,35,124319,0.338,18.7458,403,11.68,-0.462 ,0.911 ,2,0,0,0,0,0,0,0,0,0,0,0,0,0,0,0,0,0,0,0,0,0,1,0,0,0,0,0,0,0,0,0,0,0,0,0,0,0,1,0,0,0,0,0,0,0,0,0,0,0,0,0
Préza,0,0.02,15,119625,0.424,18.425,390,-2.96,-0.462 ,0.905 ,2,0,0,0,0,0,0,0,0,0,0,0,0,0,0,0,0,0,0,0,0,0,1,0,0,0,0,0,0,0,0,0,0,0,0,0,0,0,1,0,0,0,0,0,0,0,0,0,0,0,0,0
Kinaros,0,4.58,296,83167,0.278,18.4208,572,-436.86,0.082 ,0.650 ,2,0,0,0,0,0,0,0,0,0,0,0,0,0,0,0,0,0,0,0,0,0,0,0,0,0,0,0,0,0,0,0,0,0,0,0,0,0,1,0,0,0,1,0,0,0,0,0,0,0,0,0
Glarópunta,0,0.21,12,119743,0.415,18.275,398,-1.53,-0.462 ,0.902 ,2,0,0,0,0,0,0,0,0,0,0,0,0,0,0,0,0,0,0,0,0,0,1,0,0,0,0,0,0,0,0,0,0,0,0,0,0,0,1,0,0,0,0,0,0,0,0,0,0,0,0,0
Panteronisi,0,0.48,48,121136,0.301,18.2333,404,-1.53,0.084 ,0.905 ,2,0,0,0,0,0,0,0,0,0,0,0,0,0,0,0,0,0,0,0,0,0,1,0,0,0,0,0,0,0,0,0,0,0,0,0,0,0,1,0,0,0,0,0,0,0,0,0,0,0,0,0
Despotiko,0,8.12,187,113147,0.305,18.15,403,-109.29,0.084 ,0.912 ,4,1,0,0,0,0,0,0,0,0,0,0,0,0,0,0,0,0,0,0,0,0,1,0,0,0,0,0,0,0,0,1,0,0,0,0,0,0,1,0,0,0,0,0,0,0,0,0,1,0,0,0
Sifnos,36,73.94,682,88673,0.421,16.2375,513,-274.15,1.079 ,0.851 ,5,1,0,0,0,0,0,0,0,0,0,0,0,0,0,0,0,0,0,0,0,0,1,0,0,0,0,0,0,0,0,1,0,0,0,0,1,0,1,0,0,0,1,0,0,0,0,0,0,0,0,0
Strongyli,0,1.66,178,112697,0.392,18.1667,401,-117.53,-0.462 ,0.906 ,2,1,0,0,0,0,0,0,0,0,0,0,0,0,0,0,0,0,0,0,0,0,1,0,0,0,0,0,0,0,0,0,0,0,0,0,0,0,1,0,0,0,0,0,0,0,0,0,0,0,0,0
Epano Koufonissi,15,5.85,110,145719,0.393,18.0958,444,-43.55,0.169 ,0.935 ,3,1,0,0,0,0,0,0,0,0,0,0,0,0,0,0,0,0,0,0,0,0,1,0,0,0,0,0,0,0,0,1,0,0,0,0,0,0,0,0,0,0,1,0,0,0,0,0,0,0,0,0
Velopoula,0,1.66,207,34614,0.256,17.8833,467,-558.23,-0.809 ,0.058 ,1,0,0,0,0,0,0,0,0,0,0,0,0,0,0,0,0,0,0,1,0,0,0,0,0,0,0,0,0,0,0,0,0,0,0,0,0,0,1,0,0,0,0,0,0,0,0,0,0,0,0,0
Kato Koufonissi,15,4.23,115,146073,0.3,18.3917,435,-50.08,0.169 ,0.933 ,2,0,0,0,0,0,0,0,0,0,0,0,0,0,0,0,0,0,0,0,0,0,0,0,0,0,0,0,0,0,0,0,0,0,0,0,0,0,1,0,0,0,1,0,0,0,0,0,0,0,0,0
Megalo Livadi,0,0.33,50,96542,0.272,18.0042,552,-498.82,-0.533 ,0.759 ,1,0,0,0,0,0,0,0,0,0,0,0,0,0,0,0,0,0,0,0,0,0,0,0,0,0,0,0,0,0,0,0,0,0,0,0,0,0,1,0,0,0,0,0,0,0,0,0,0,0,0,0
Kitriana,0,0.9,86,103565,0.267,18.2833,394,-197.56,-0.809 ,0.848 ,2,0,0,0,0,0,0,0,0,0,0,0,0,0,0,0,0,0,0,0,0,0,0,0,0,0,0,0,0,0,0,0,0,0,0,0,0,0,1,0,0,0,1,0,0,0,0,0,0,0,0,0
Keros,0,15,432,142460,0.305,17.475,495,-166.09,0.082 ,0.912 ,2,1,0,0,0,0,0,0,0,0,0,0,0,0,0,0,0,0,0,0,0,0,0,0,0,0,0,0,0,0,0,0,0,0,0,0,0,0,1,0,0,0,1,0,0,0,0,0,0,0,0,0
Nikouria,0,2.71,303,120133,0.324,18.0542,523,-302.85,-0.533 ,0.821 ,2,0,0,0,0,0,0,0,0,0,0,0,0,0,0,0,0,0,0,0,0,0,0,0,0,0,0,0,0,0,0,0,0,0,0,0,0,0,1,0,0,0,1,0,0,0,0,0,0,0,0,0
Schoinousa,30,8.51,133,153851,0.485,18.1333,435,-56.44,-0.845 ,0.915 ,3,1,0,0,0,0,0,0,0,0,0,0,0,0,0,0,0,0,0,0,0,0,0,0,0,0,0,0,0,0,0,1,0,0,0,0,0,0,1,0,0,0,1,0,0,0,0,0,0,0,0,0
Agios Andreas,0,0.11,29,144599,0.203,18.4458,445,-166,-0.533 ,0.894 ,2,0,0,0,0,0,0,0,0,0,0,0,0,0,0,0,0,0,0,0,0,0,0,0,0,0,0,0,0,0,0,0,0,0,0,0,0,0,1,0,0,0,1,0,0,0,0,0,0,0,0,0
Ano Antikeri,0,1.09,88,141291,0.273,18.4167,467,-186.34,0.696 ,0.890 ,1,1,0,0,0,0,0,0,0,0,0,0,0,0,0,0,0,0,0,0,0,0,0,0,0,0,0,0,0,0,0,0,0,0,0,0,0,0,0,0,0,0,1,0,0,0,0,0,0,0,0,0
Falkonera,0,1.22,189,69770,0.185,18.0167,432,-708.26,0.135 ,0.405 ,1,0,0,0,0,0,0,0,0,0,0,0,0,0,0,0,0,0,0,1,0,0,0,0,0,0,0,0,0,0,0,0,0,0,0,0,0,0,1,0,0,0,0,0,0,0,0,0,0,0,0,0
Kato Antikeri ,0,1.06,87,142847,0.296,18.4583,467,-189.75,-0.533 ,0.887 ,1,0,0,0,0,0,0,0,0,0,0,0,0,0,0,0,0,0,0,0,0,0,0,0,0,0,0,0,0,0,0,0,0,0,0,0,0,0,0,0,0,0,1,0,0,0,0,0,0,0,0,0
Iraklia,7.9,18.08,414,152904,0.372,17.7042,444,-110.48,0.127 ,0.895 ,3,1,0,0,0,0,0,0,0,0,0,0,0,0,0,0,0,0,0,0,0,0,0,0,0,0,0,0,0,0,0,1,0,0,0,0,0,0,1,0,0,0,1,0,0,0,0,0,0,0,0,0
Amorgos,15.7,126.35,823,104420,0.379,17.475,548,-442.79,3.154 ,0.824 ,4,1,0,0,0,0,0,0,0,0,0,0,0,0,0,0,0,0,0,0,0,0,1,0,0,0,0,0,0,0,0,1,0,0,0,0,0,0,1,0,0,0,1,0,0,0,0,0,0,0,0,0
Megalos Avelas,0,0.05,51,151885,0.323,18,429,-86.37,-0.762 ,0.891 ,2,0,0,0,0,0,0,0,0,0,0,0,0,0,0,0,0,0,0,0,0,0,0,0,0,0,0,0,0,0,0,0,0,0,0,0,0,0,1,0,0,0,1,0,0,0,0,0,0,0,0,0
Gramvoussa(Amorgos),0,0.82,88,135132,0.266,18.4292,468,-241.6,-0.533 ,0.819 ,2,0,0,0,0,0,0,0,0,0,0,0,0,0,0,0,0,0,0,0,0,0,0,0,0,0,0,0,0,0,0,0,0,0,0,0,0,0,1,0,0,0,1,0,0,0,0,0,0,0,0,0
Kimolos,17,37.43,364,102626,0.433,17.6583,424,-161.82,2.023 ,0.763 ,3,1,0,0,0,0,0,0,0,0,0,0,0,0,0,0,0,0,0,1,0,0,0,0,0,0,0,0,0,0,0,1,0,0,0,0,1,0,1,0,0,0,0,0,0,0,0,0,0,0,0,0
Antimilos,0,8.92,646,93504,0.285,16.0083,512,-438.66,0.135 ,0.673 ,1,1,0,0,0,0,0,0,0,0,0,0,0,0,0,0,0,0,0,1,0,0,0,0,0,0,0,0,0,0,0,0,0,0,0,0,0,0,1,0,0,0,0,0,0,0,0,0,0,0,0,0
Agios Eustathios,0,0.1,16,109120,0.341,18.1042,401,-135.27,-0.809 ,0.758 ,1,0,0,0,0,0,0,0,0,0,0,0,0,0,0,0,0,0,0,1,0,0,0,0,0,0,0,0,0,0,0,0,0,0,0,0,0,0,1,0,0,0,0,0,0,0,0,0,0,0,0,0
Poliegos,0,18.15,370,109918,0.28,17.1083,450,-156.12,-0.809 ,0.747 ,2,1,0,0,0,0,0,0,0,0,0,0,0,0,0,0,0,0,0,1,0,0,0,0,0,0,0,0,0,0,0,0,0,0,0,0,1,0,1,0,0,0,0,0,0,0,0,0,0,0,0,0
Ios,19,109,713,146113,0.371,17.625,479,-170.57,1.016 ,0.823 ,3,1,0,0,0,0,0,0,0,0,0,0,0,0,0,0,0,0,0,0,1,0,0,0,0,0,0,0,0,0,0,1,0,0,0,0,0,0,1,0,0,0,1,0,0,0,0,0,0,0,0,0
Sikinos,6.4,41.68,553,142480,0.337,17.3125,480,-204.58,-0.762 ,0.778 ,3,1,0,0,0,0,0,0,0,0,0,0,0,0,0,0,0,0,0,0,0,0,0,0,0,0,0,0,0,0,0,1,0,0,0,0,0,0,1,0,0,0,1,0,0,0,0,0,0,0,0,0
Milos,31.1,160.1,748,104676,0.374,16.6,507,-282.32,2.023 ,0.756 ,4,1,0,0,0,0,0,0,0,0,0,0,0,0,0,0,0,0,0,1,0,0,1,0,0,0,0,0,0,0,0,1,0,0,0,0,1,0,1,0,0,0,0,0,0,0,0,0,0,0,0,0
Kardiotissa,0,1.38,121,143502,0.256,18.3458,442,-160.95,-0.809 ,0.759 ,1,0,0,0,0,0,0,0,0,0,0,0,0,0,0,0,0,0,0,0,0,0,0,0,0,0,0,0,0,0,0,0,0,0,0,0,0,0,0,0,0,0,1,0,0,0,0,0,0,0,0,0
Anydros,0,1.14,185,146670,0.244,18.4333,483,-470.85,-0.533 ,0.659 ,2,0,0,0,0,0,0,0,0,0,0,0,0,0,0,0,0,0,0,0,0,0,0,0,0,0,0,0,0,0,0,0,0,0,0,0,0,0,1,0,0,0,1,0,0,0,0,0,0,0,0,0
Folegandros,24,32.22,415,132234,0.467,17.2958,481,-337.47,0.135 ,0.721 ,3,1,0,0,0,0,0,0,0,0,0,0,0,0,0,0,0,0,0,0,0,0,0,0,0,0,0,0,0,0,0,1,0,0,0,0,0,0,1,0,0,0,1,0,0,0,0,0,0,0,0,0
Astipalaia,12,96.9,482,85681,0.293,17.9333,598,-470.3,1.311 ,0.454 ,5,0,0,0,0,0,0,1,0,0,0,0,0,0,0,0,0,0,0,0,0,0,1,0,0,0,0,0,0,0,0,1,0,0,0,0,0,0,0,0,0,1,1,0,0,0,0,0,0,0,0,0
Ophidoussa,0,2,122,109305,0.213,18.5292,566,-359.95,-0.533 ,0.356 ,2,0,0,0,0,0,0,0,0,0,0,0,0,0,0,0,0,0,0,0,0,0,0,0,0,0,0,0,0,0,0,0,0,0,0,0,0,0,1,0,0,0,1,0,0,0,0,0,0,0,0,0
Ananes,0,0.097956,1,83300,0.204,17.975,411,-608,-0.809 ,0.546 ,0,0,0,0,0,0,0,0,0,0,0,0,0,0,0,0,0,0,0,1,0,0,0,0,0,0,0,0,0,0,0,0,0,0,0,0,0,0,0,0,0,0,0,0,0,0,0,0,0,0,0,0
Thirasia,0,9.25,294,176158,0.254,18.0417,488,-174.6,-0.762 ,0.653 ,2,0,0,0,0,0,0,0,0,0,0,0,0,0,0,0,0,0,0,0,0,0,0,0,0,0,0,0,0,0,0,0,0,0,0,0,0,0,1,0,0,0,1,0,0,0,0,0,0,0,0,0
Nea Kameni,0,3.49,120,178774,0.037,18.625,510,-174.6,-0.762 ,0.654 ,2,0,0,0,0,0,0,0,0,0,0,0,0,0,0,0,0,0,0,0,0,0,0,0,0,0,0,0,0,0,0,1,0,0,0,0,0,0,0,0,0,0,1,0,0,0,0,0,0,0,0,0
Santorini,170,76.19,565,176970,0.244,18.5875,486,-344.13,2.794 ,0.671 ,3,1,0,0,0,0,0,0,0,0,0,0,0,0,0,0,0,0,0,0,0,0,0,0,0,0,0,0,0,0,0,1,0,0,0,0,0,0,1,0,0,0,1,0,0,0,0,0,0,0,0,0
Palia Kameni,0,0.54,86,180031,0.156,18.525,507,-174.6,0.127 ,0.657 ,2,0,0,0,0,0,0,0,0,0,0,0,0,0,0,0,0,0,0,0,0,0,0,0,0,0,0,0,0,0,0,0,0,0,0,0,0,0,1,0,0,0,1,0,0,0,0,0,0,0,0,0
Anafi,6.7,38.64,582,146909,0.305,17.3708,588,-298.81,0.127 ,0.478 ,3,0,0,0,0,0,0,0,0,0,0,0,0,0,0,0,0,0,0,0,0,0,0,0,0,0,0,0,0,0,0,1,0,0,0,0,0,0,1,0,0,0,1,0,0,0,0,0,0,0,0,0
Syrina,2,8.79,307,71434,0.299,18.1083,645,-311.01,-0.533 ,0.162 ,2,0,0,0,0,0,0,0,0,0,0,0,0,0,0,0,0,0,0,0,0,0,0,0,0,0,0,0,0,0,0,0,0,0,0,0,0,0,1,0,0,0,1,0,0,0,0,0,0,0,0,0
Micro Fteno,0,0.04,17,146955,0.176,18.6583,502,-254.37,-0.762 ,0.442 ,2,0,0,0,0,0,0,0,0,0,0,0,0,0,0,0,0,0,0,0,0,0,0,0,0,0,0,0,0,0,0,0,0,0,0,0,0,0,1,0,0,0,1,0,0,0,0,0,0,0,0,0
Megalo Fteno,0,0.07,18,146521,0.178,18.6583,502,-254.37,1.016 ,0.443 ,2,0,0,0,0,0,0,0,0,0,0,0,0,0,0,0,0,0,0,0,0,0,0,0,0,0,0,0,0,0,0,0,0,0,0,0,0,0,1,0,0,0,1,0,0,0,0,0,0,0,0,0
Pachia,0,1.42,221,145202,0.297,18.3167,570,-322.99,0.127 ,0.404 ,2,0,0,0,0,0,0,0,0,0,0,0,0,0,0,0,0,0,0,0,0,0,0,0,0,0,0,0,0,0,0,0,0,0,0,0,0,0,1,0,0,0,1,0,0,0,0,0,0,0,0,0
Makra,0,0.56,123,140167,0.179,18.6917,592,-369.23,-0.762 ,0.371 ,2,0,0,0,0,0,0,0,0,0,0,0,0,0,0,0,0,0,0,0,0,0,0,0,0,0,0,0,0,0,0,0,0,0,0,0,0,0,1,0,0,0,1,0,0,0,0,0,0,0,0,0
Christiana,0,1.2,278,181680,0.165,18.4333,521,-681.75,-0.762 ,0.506 ,2,1,0,0,0,0,0,0,0,0,0,0,0,0,0,0,0,0,0,0,0,0,0,0,0,0,0,0,0,0,0,1,0,0,0,0,0,0,1,0,0,0,0,0,0,0,0,0,0,0,0,0
Giraglia (Corsica),0,0.12,71,87000,0.293,16.9667,817,-125.14,-0.183 ,0.996 ,1,1,0,0,0,1,0,0,0,0,0,0,0,1,0,0,0,0,0,0,0,0,0,0,0,0,0,0,0,0,0,0,0,0,0,0,0,0,0,0,0,0,0,0,0,0,0,0,0,1,0,0
Terre,0,0.0086,6,80922.98,0.086,16.8,807,-55.96,-0.015 ,1.000 ,0,1,0,0,0,0,0,0,0,0,0,0,0,0,0,0,0,0,0,0,0,0,0,0,0,0,0,0,0,0,0,0,0,0,0,0,0,0,0,0,0,0,0,0,0,0,0,0,0,0,0,0
Intermediarie,0,0.0079,12,80922.98,0.177,16.8,807,-55.96,-0.015 ,0.999 ,0,1,0,0,0,1,0,0,0,0,0,0,0,0,0,0,0,0,0,0,0,0,0,0,0,0,0,0,0,0,0,0,0,0,0,0,0,0,0,0,0,0,0,0,0,0,0,0,0,0,0,0
de la Tour,0,0.0148,27,80922.98,0.274,16.8,807,-55.96,-0.183 ,0.999 ,1,1,0,0,0,1,0,0,0,0,0,0,0,0,0,0,0,0,0,0,0,0,0,0,0,0,0,0,0,0,0,0,0,0,0,0,0,0,0,0,0,0,0,0,0,0,0,0,0,1,0,0
de Capense,0,0.05595,43,92824.48,0.199,16.5083,836,-208.75,-0.183 ,1.000 ,1,0,0,0,0,0,0,0,0,0,0,0,0,1,0,0,0,0,0,0,0,0,0,0,0,0,0,0,0,0,0,0,0,0,0,0,0,0,0,0,0,0,0,0,0,0,0,0,0,1,0,0
Saint Florent,0,0.00034,3,101608.84,0,15.85,819,338.74,-0.183 ,1.000 ,0,0,0,0,0,0,0,0,0,0,0,0,0,0,0,0,0,0,0,0,0,0,0,0,0,0,0,0,0,0,0,0,0,0,0,0,0,0,0,0,0,0,0,0,0,0,0,0,0,0,0,0
Spano,0,0.023,14,142968.38,0.069,16.5333,779,-21.75,-0.183 ,1.000 ,0,0,0,0,0,0,0,0,0,0,0,0,0,1,0,0,0,0,0,0,0,0,0,0,0,0,0,0,0,0,0,0,0,0,0,0,0,0,0,0,0,0,0,0,0,0,0,0,0,0,0,0
Morsetta,0,0.01163,23,159524.39,0.04,16.325,759,-78.95,-0.183 ,1.000 ,0,0,0,0,0,1,0,0,0,0,0,0,0,0,0,0,0,0,0,0,0,0,0,0,0,0,0,0,0,0,0,0,0,0,0,0,0,0,0,0,0,0,0,0,0,0,0,0,0,0,0,0
Porri,0,0.00332,31,165784.31,0.016,16.325,736,-434.86,-0.183 ,1.000 ,0,0,0,0,0,1,0,0,0,0,0,0,0,0,0,0,0,0,0,0,0,0,0,0,0,0,0,0,0,0,0,0,0,0,0,0,0,0,0,0,0,0,0,0,0,0,0,0,0,0,0,0
Palazzu,0,0.00572,58,170348.42,0.027,16.4917,730,-799.21,-0.183 ,1.000 ,0,0,0,0,0,1,0,0,0,0,0,0,0,0,0,0,0,0,0,0,0,0,0,0,0,0,0,0,0,0,0,0,0,0,0,0,0,0,0,0,0,0,0,0,0,0,0,0,0,0,0,0
Palazzinu,0,0.00157,28,168998.41,0,16.4375,734,-799.21,-0.183 ,1.000 ,0,0,0,0,0,1,0,0,0,0,0,0,0,0,0,0,0,0,0,0,0,0,0,0,0,0,0,0,0,0,0,0,0,0,0,0,0,0,0,0,0,0,0,0,0,0,0,0,0,0,0,0
Zeccu d'a Furmicula,0,0.00049,21,169280.14,0,16.5708,727,-563.75,-0.183 ,0.999 ,0,0,0,0,0,1,0,0,0,0,0,0,0,0,0,0,0,0,0,0,0,0,0,0,0,0,0,0,0,0,0,0,0,0,0,0,0,0,0,0,0,0,0,0,0,0,0,0,0,0,0,0
oriental d'Elbu,0,0.00225,23,169144.56,0.017,16.5708,727,-555.18,-0.183 ,1.000 ,0,0,0,0,0,1,0,0,0,0,0,0,0,0,0,0,0,0,0,0,0,0,0,0,0,0,0,0,0,0,0,0,0,0,0,0,0,0,0,0,0,0,0,0,0,0,0,0,0,0,0,0
occidental d'Elbu,0,0.0014,15,169144.56,0.017,16.5708,727,-531.49,-0.183 ,1.000 ,0,0,0,0,0,1,0,0,0,0,0,0,0,0,0,0,0,0,0,0,0,0,0,0,0,0,0,0,0,0,0,0,0,0,0,0,0,0,0,0,0,0,0,0,0,0,0,0,0,0,0,0
Gargalo,0,0.23,106,171000,0.169,16.6667,720,-794.14,-0.015 ,1.000 ,0,1,0,1,0,1,0,0,0,0,0,0,0,1,0,0,0,0,0,0,0,0,0,0,0,0,0,0,0,0,0,0,0,0,0,0,0,0,0,0,0,0,0,0,0,0,0,0,0,0,0,0
Garganellu,0,0.015,43,171000,0.018,16.6667,720,-794.14,-0.183 ,1.000 ,0,0,0,0,0,1,0,0,0,0,0,0,0,0,0,0,0,0,0,0,0,0,0,0,0,0,0,0,0,0,0,0,0,0,0,0,0,0,0,0,0,0,0,0,0,0,0,0,0,0,0,0
de Sulana,0,0.00712,31,170243.95,0.015,16.6083,727,-582.37,-0.183 ,1.000 ,0,0,0,0,0,1,0,0,0,0,0,0,0,0,0,0,0,0,0,0,0,0,0,0,0,0,0,0,0,0,0,0,0,0,0,0,0,0,0,0,0,0,0,0,0,0,0,0,0,0,0,0
Sud de Sulana,0,0.0039,25,169148.47,0.007,16.6083,727,-613.95,-0.183 ,1.000 ,0,0,0,0,0,1,0,0,0,0,0,0,0,0,0,0,0,0,0,0,0,0,0,0,0,0,0,0,0,0,0,0,0,0,0,0,0,0,0,0,0,0,0,0,0,0,0,0,0,0,0,0
Nord de Cala di Ponte,0,0.00212,35,170811.66,0.006,16.5542,727,-590.52,-0.183 ,1.000 ,0,0,0,0,0,1,0,0,0,0,0,0,0,0,0,0,0,0,0,0,0,0,0,0,0,0,0,0,0,0,0,0,0,0,0,0,0,0,0,0,0,0,0,0,0,0,0,0,0,0,0,0
Girolata,0,0.00192,11,166622.78,0.054,16.1542,743,-152.21,-0.183 ,1.000 ,0,0,0,0,0,1,0,0,0,0,0,0,0,0,0,0,0,0,0,0,0,0,0,0,0,0,0,0,0,0,0,0,0,0,0,0,0,0,0,0,0,0,0,0,0,0,0,0,0,0,0,0
de Cala Maiora,0,0.01197,60,171146.75,0.029,16.4833,729,-567.93,-0.183 ,1.000 ,0,0,0,0,0,1,0,0,0,0,0,0,0,1,0,0,0,0,0,0,0,0,0,0,0,0,0,0,0,0,0,0,0,0,0,0,0,0,0,0,0,0,0,0,0,0,0,0,0,0,0,0
du chêne,0,0.0015,15,169548.08,0.053,16.4958,730,-398.75,-0.183 ,1.000 ,1,0,0,0,0,0,0,0,0,0,0,0,0,1,0,0,0,0,0,0,0,0,0,0,0,0,0,0,0,0,0,0,0,0,0,0,0,0,0,0,0,0,0,0,0,0,0,0,0,1,0,0
ouest Ficaja,0,0.001,15,170305.2,0.009,16.4958,730,-431.41,-0.183 ,1.000 ,0,0,0,0,0,1,0,0,0,0,0,0,0,0,0,0,0,0,0,0,0,0,0,0,0,0,0,0,0,0,0,0,0,0,0,0,0,0,0,0,0,0,0,0,0,0,0,0,0,0,0,0
Punta Piana,0,0.00174,30,172570.75,0.031,15.1583,736,-7.45,-0.183 ,1.000 ,0,0,0,0,0,1,0,0,0,0,0,0,0,0,0,0,0,0,0,0,0,0,0,0,0,0,0,0,0,0,0,0,0,0,0,0,0,0,0,0,0,0,0,0,0,0,0,0,0,0,0,0
Guardiola,0,0.0031,32,171000,0.045,15.0417,755,-195.99,-0.183 ,1.000 ,0,0,0,0,0,1,0,0,0,0,0,0,0,0,0,0,0,0,0,0,0,0,0,0,0,0,0,0,0,0,0,0,0,0,0,0,0,0,0,0,0,0,0,0,0,0,0,0,0,0,0,0
Orto Grande,0,0.00562,48,175000,0.11,15.5125,735,-256.26,-0.183 ,1.000 ,0,0,0,0,0,1,0,0,0,0,0,0,0,1,0,0,0,0,0,0,0,0,0,0,0,0,0,0,0,0,0,0,0,0,0,0,0,0,0,0,0,0,0,0,0,0,0,0,0,0,0,0
Orto Piccolo,0,0.00155,36,175000,0.034,16.0792,716,-301.51,-0.183 ,0.999 ,0,0,0,0,0,1,0,0,0,0,0,0,0,0,0,0,0,0,0,0,0,0,0,0,0,0,0,0,0,0,0,0,0,0,0,0,0,0,0,0,0,0,0,0,0,0,0,0,0,0,0,0
de Sbiro,0,0.0045,20,177073.45,0.131,16.325,708,-563.33,-0.183 ,1.000 ,0,0,0,0,0,1,0,0,0,0,0,0,0,1,0,0,0,0,0,0,0,0,0,0,0,0,0,0,0,0,0,0,0,0,0,0,0,0,0,0,0,0,0,0,0,0,0,0,0,0,0,0
de Chiumi,0,0.001081,10,179626.69,0.07,16.3583,690,-292.01,-0.183 ,1.000 ,0,0,0,0,0,0,0,0,0,0,0,0,0,0,0,0,0,0,0,0,0,0,0,0,0,0,0,0,0,0,0,0,0,0,0,0,0,0,0,0,0,0,0,0,0,0,0,0,0,0,0,0
Corsica,37,8681,2706,83000,0.463,13.25,769.11,-433.96,9.234 ,1.000 ,3,1,0,1,1,1,0,0,0,0,0,0,0,1,0,0,0,0,0,0,0,0,0,0,0,0,0,0,0,0,0,1,0,0,0,0,0,0,0,0,0,0,0,0,1,0,0,0,0,1,0,0
Punta Capigliolo,0,0.00715,4,174996.95,0.051,16.1208,670,180.99,-0.183 ,1.000 ,0,0,0,0,0,0,0,0,0,0,0,0,0,0,0,0,0,0,0,0,0,0,0,0,0,0,0,0,0,0,0,0,0,0,0,0,0,0,0,0,0,0,0,0,0,0,0,0,0,0,0,0
Punta di Palmentoju,0,0.0078,4,174832.84,0.051,15.7083,664,129.92,-0.183 ,1.000 ,0,0,0,0,0,0,0,0,0,0,0,0,0,0,0,0,0,0,0,0,0,0,0,0,0,0,0,0,0,0,0,0,0,0,0,0,0,0,0,0,0,0,0,0,0,0,0,0,0,0,0,0
de Porri,0,0.0132,31,197000,0.174,16.5625,617,-439.41,-1.000 ,0.999 ,0,0,0,0,0,0,0,0,0,0,0,0,0,1,0,0,0,0,0,0,0,0,0,0,0,0,0,0,0,0,0,0,0,0,0,0,0,0,0,0,0,0,0,0,0,0,0,0,0,0,0,0
Isolotto,0,0.0087,33,197000,0.134,16.5625,617,-466.7,1.000 ,0.998 ,0,0,0,0,0,0,0,0,0,0,0,0,0,1,0,0,0,0,0,0,0,0,0,0,0,0,0,0,0,0,0,0,0,0,0,0,0,0,0,0,0,0,0,0,0,0,0,0,0,0,0,0
Cala d'Alga,0,0.008,30,197000,0.103,16.5625,617,-475.85,1.000 ,0.997 ,0,0,0,0,0,0,0,0,0,0,0,0,0,1,0,0,0,0,0,0,0,0,0,0,0,0,0,0,0,0,0,0,0,0,0,0,0,0,0,0,0,0,0,0,0,0,0,0,0,0,0,0
Mezzu Mare,0,0.372,80,197000,0.463,16.5625,617,-475.85,-1.000 ,0.997 ,0,1,0,0,0,1,0,0,0,0,0,0,0,1,0,0,0,0,0,0,0,0,0,0,0,0,0,0,0,0,0,0,0,0,0,0,0,0,0,0,0,0,0,0,0,0,0,0,0,0,0,0
Piana,0,0.04033,9,189188.27,0.238,16.575,590,-127.9,-0.183 ,1.000 ,0,0,0,0,0,0,0,0,0,0,0,0,0,1,0,0,0,0,0,0,0,0,0,0,0,0,0,0,0,0,0,0,0,0,0,0,0,0,0,0,0,0,0,0,0,0,0,0,0,0,0,0
Fautea,0,0.00525,21,158216.03,0.049,17.0333,501,-74.07,-0.183 ,1.000 ,0,0,0,0,0,0,0,0,0,0,0,0,0,0,0,0,0,0,0,0,0,0,0,0,0,0,0,0,0,0,0,0,0,0,0,0,0,0,0,0,0,0,0,0,0,0,0,0,0,0,0,0
Roscana,0,0.00315,19,159798.66,0.025,16.9625,491,-91.73,-0.183 ,0.998 ,0,0,0,0,0,1,0,0,0,0,0,0,0,0,0,0,0,0,0,0,0,0,0,0,0,0,0,0,0,0,0,0,0,0,0,0,0,0,0,0,0,0,0,0,0,0,0,0,0,0,0,0
Nord de Pinarellu,0,0.0033,12,162000,0.037,17.1542,491,-55.33,-0.183 ,1.000 ,0,0,0,0,0,1,0,0,0,0,0,0,0,0,0,0,0,0,0,0,0,0,0,0,0,0,0,0,0,0,0,0,0,0,0,0,0,0,0,0,0,0,0,0,0,0,0,0,0,0,0,0
de Pinarellu ,0,0.21,52,162000,0.299,17.1542,491,-55.33,-0.015 ,1.000 ,0,0,0,0,0,1,0,0,0,0,0,0,0,1,0,0,0,0,0,0,0,0,0,0,0,0,0,0,0,0,0,0,0,0,0,0,0,0,0,0,0,0,0,0,0,0,0,0,0,0,0,0
San Ciprianu,0,0.04,27,166000,0.296,17.2667,489,39.89,-0.183 ,0.999 ,0,0,0,0,0,1,0,0,0,0,0,0,0,1,0,0,0,0,0,0,0,0,0,0,0,0,0,0,0,0,0,0,0,0,0,0,0,0,0,0,0,0,0,0,0,0,0,0,0,0,0,0
de Cornuta,0,0.012,15,165000,0.228,17.2667,489,21.34,-0.183 ,0.999 ,0,0,0,0,0,1,0,0,0,0,0,0,0,1,0,0,0,0,0,0,0,0,0,0,0,0,0,0,0,0,0,0,0,0,0,0,0,0,0,0,0,0,0,0,0,0,0,0,0,0,0,0
R. de San Ciprianu,0,0.00232,2.5,166580.64,0,17.2792,487,57.4,-0.183 ,1.000 ,0,0,0,0,0,0,0,0,0,0,0,0,0,0,0,0,0,0,0,0,0,0,0,0,0,0,0,0,0,0,0,0,0,0,0,0,0,0,0,0,0,0,0,0,0,0,0,0,0,0,0,0
Ziglione,0,0.00235,13,173000,0.089,17.0292,492,122.22,-0.183 ,1.000 ,0,0,0,0,0,1,0,0,0,0,0,0,0,1,0,0,0,0,0,0,0,0,0,0,0,0,0,0,0,0,0,0,0,0,0,0,0,0,0,0,0,0,0,0,0,0,0,0,0,0,0,0
Eccica,0,0.008,8,207075.41,0.047,16.4417,541,-427.12,-0.183 ,0.998 ,0,0,0,0,0,0,0,0,0,0,0,0,0,0,0,0,0,0,0,0,0,0,0,0,0,0,0,0,0,0,0,0,0,0,0,0,0,0,0,0,0,0,0,0,0,0,0,0,0,0,0,0
de Farina,0,0.01516,21,167000,0.235,17.2625,482,-15.67,-0.183 ,1.000 ,0,1,0,0,0,1,0,0,0,0,0,0,0,1,0,0,0,0,0,0,0,0,0,0,0,0,0,0,0,0,0,0,0,0,0,0,0,0,0,0,0,0,0,0,0,0,0,0,0,0,0,0
Senetosa,0,0.02885,19,206513.44,0.089,16.7,535,-220.29,-0.183 ,1.000 ,0,0,0,0,0,1,0,0,0,0,0,0,0,1,0,0,0,0,0,0,0,0,0,0,0,0,0,0,0,0,0,0,0,0,0,0,0,0,0,0,0,0,0,0,0,0,0,0,0,0,0,0
Forana,0,0.1548,34,168741.02,0.396,17.3167,473,-36.64,0.153 ,0.996 ,0,1,0,0,0,1,0,0,0,0,0,0,0,1,0,0,0,0,0,0,0,0,0,0,0,0,0,0,0,0,0,0,0,0,0,0,0,0,0,0,0,0,0,0,0,0,0,0,0,0,0,0
Nord Maestro Maria,0,0.0038,3,168741.02,0.144,17.3167,473,-35.42,-0.015 ,0.996 ,0,0,0,0,0,0,0,0,0,0,0,0,0,0,0,0,0,0,0,0,0,0,0,0,0,0,0,0,0,0,0,0,0,0,0,0,0,0,0,0,0,0,0,0,0,0,0,0,0,0,0,0
de Vacca,0,0.0048,24,169000,0.044,17.3167,473,-65.01,-0.183 ,0.994 ,0,0,0,0,0,1,0,0,0,0,0,0,0,1,0,0,0,0,0,0,0,0,0,0,0,0,0,0,0,0,0,0,0,0,0,0,0,0,0,0,0,0,0,0,0,0,0,0,0,0,0,0
Maestro Maria,0,0.0282,5,171000,0.387,17.3167,473,-34.68,0.153 ,0.996 ,0,0,0,0,0,1,0,0,0,0,0,0,0,1,0,0,0,0,0,0,0,0,0,0,0,0,0,0,0,0,0,0,0,0,0,0,0,0,0,0,0,0,0,0,0,0,0,0,0,0,0,0
Piana,0,0.1849,36,174000,0.397,17.3167,473,-31.33,-0.015 ,0.996 ,0,1,0,0,0,1,0,0,0,0,0,0,0,1,0,0,0,0,0,0,0,0,0,0,0,0,0,0,0,0,0,0,0,0,0,0,0,0,0,0,0,0,0,0,0,0,0,0,0,0,0,0
de la Folaccheda NO,0,0.00021,5,175000,0.087,16.9792,489,5.82,-0.183 ,1.000 ,0,0,0,0,0,0,0,0,0,0,0,0,0,0,0,0,0,0,0,0,0,0,0,0,0,0,0,0,0,0,0,0,0,0,0,0,0,0,0,0,0,0,0,0,0,0,0,0,0,0,0,0
de la Folaccheda,0,0.0009,8,175000,0.087,16.9792,489,5.82,-0.183 ,1.000 ,0,0,0,0,0,0,0,0,0,0,0,0,0,0,0,0,0,0,0,0,0,0,0,0,0,0,0,0,0,0,0,0,0,0,0,0,0,0,0,0,0,0,0,0,0,0,0,0,0,0,0,0
Folaca,0,0.004,11,175000,0.049,16.9792,489,7.47,-0.183 ,0.999 ,0,0,0,0,1,1,0,0,0,0,0,0,0,0,0,0,0,0,0,0,0,0,0,0,0,0,0,0,0,0,0,0,0,0,0,0,0,0,0,0,0,0,0,0,0,0,0,0,0,0,0,0
Acciaju sud,0,0.00145,4,173992.69,0,16.9792,489,11.11,-0.183 ,1.000 ,0,0,0,0,0,1,0,0,0,0,0,0,0,0,0,0,0,0,0,0,0,0,0,0,0,0,0,0,0,0,0,0,0,0,0,0,0,0,0,0,0,0,0,0,0,0,0,0,0,0,0,0
Pietracaggiosa,0,0.0458,20,171638.41,0.362,17.1875,482,-26.79,-0.183 ,0.994 ,0,0,0,0,0,1,0,0,0,0,0,0,0,1,0,0,0,0,0,0,0,0,0,0,0,0,0,0,0,0,0,0,0,0,0,0,0,0,0,0,0,0,0,0,0,0,0,0,0,0,0,0
du Torello,0,0.003,20,174000,0.036,17.3167,473,-50.82,-0.183 ,0.985 ,0,0,0,0,0,1,0,0,0,0,0,0,0,0,0,0,0,0,0,0,0,0,0,0,0,0,0,0,0,0,0,0,0,0,0,0,0,0,0,0,0,0,0,0,0,0,0,0,0,0,0,0
Toro Grande,0,0.0162,34,174000,0.093,17.3167,473,-50.82,0.489 ,0.985 ,1,0,0,0,0,1,0,0,0,0,0,0,0,1,0,0,0,0,0,0,0,0,0,0,0,0,0,0,0,0,0,1,0,0,0,0,0,0,0,0,0,0,0,0,0,0,0,0,0,0,0,0
"Toro Piccolo, 2emeR",0,0.0006,10,174000,0.077,17.3167,473,-50.82,-0.015 ,0.985 ,0,0,0,0,0,1,0,0,0,0,0,0,0,0,0,0,0,0,0,0,0,0,0,0,0,0,0,0,0,0,0,0,0,0,0,0,0,0,0,0,0,0,0,0,0,0,0,0,0,0,0,0
"Toro Piccolo, 1erR",0,0.0011,18,174000,0.077,17.3167,473,-50.82,0.153 ,0.985 ,0,0,0,0,0,1,0,0,0,0,0,0,0,0,0,0,0,0,0,0,0,0,0,0,0,0,0,0,0,0,0,0,0,0,0,0,0,0,0,0,0,0,0,0,0,0,0,0,0,0,0,0
Toro Piccolo,0,0.0051,29,174000,0.077,17.3167,473,-50.82,-0.015 ,0.985 ,0,0,0,0,0,1,0,0,0,0,0,0,0,1,0,0,0,0,0,0,0,0,0,0,0,0,0,0,0,0,0,0,0,0,0,0,0,0,0,0,0,0,0,0,0,0,0,0,0,0,0,0
du Port,0,0.01245,4,194061.25,0.253,16.9333,498,178.62,-0.183 ,1.000 ,0,0,0,0,0,0,0,0,0,0,0,0,0,1,0,0,0,0,0,0,0,0,0,0,0,0,0,0,0,0,0,0,0,0,0,0,0,0,0,0,0,0,0,0,0,0,0,0,0,0,0,0
Porraja,0,0.00315,4,196104.67,0.071,16.7792,497,138.92,-0.183 ,0.999 ,0,0,0,0,0,0,0,0,0,0,0,0,0,1,0,0,0,0,0,0,0,0,0,0,0,0,0,0,0,0,0,0,0,0,0,0,0,0,0,0,0,0,0,0,0,0,0,0,0,0,0,0
Grand Ilot des Bruzzi,0,0.00888,6,197000,0.185,16.6833,505,75.52,-0.015 ,0.999 ,0,0,0,0,0,1,0,0,0,0,0,0,0,1,0,0,0,0,0,0,0,0,0,0,0,0,0,0,0,0,0,0,0,0,0,0,0,0,0,0,0,0,0,0,0,0,0,0,0,0,0,0
Moyen Ilot des Bruzzi,0,0.00267,3,197000,0.068,16.6833,505,75.52,-0.183 ,0.999 ,0,0,0,0,0,0,0,0,0,0,0,0,0,1,0,0,0,0,0,0,0,0,0,0,0,0,0,0,0,0,0,0,0,0,0,0,0,0,0,0,0,0,0,0,0,0,0,0,0,0,0,0
Figari,0,0.00375,4,197315.81,0.037,16.5583,500,114.6,-0.183 ,1.000 ,0,0,0,0,0,0,0,0,0,0,0,0,0,0,0,0,0,0,0,0,0,0,0,0,0,0,0,0,0,0,0,0,0,0,0,0,0,0,0,0,0,0,0,0,0,0,0,0,0,0,0,0
R de la Tonnara,0,0.00306,8,197000,0.065,16.675,488,13.53,-0.183 ,1.000 ,0,0,0,0,0,0,0,0,0,0,0,0,0,0,0,0,0,0,0,0,0,0,0,0,0,0,0,0,0,0,0,0,0,0,0,0,0,0,0,0,0,0,0,0,0,0,0,0,0,0,0,0
Tonnara,0,0.01102,6,197000,0.109,16.675,488,13.53,0.153 ,1.000 ,0,0,0,0,0,1,0,0,0,0,0,0,0,1,0,0,0,0,0,0,0,0,0,0,0,0,0,0,0,0,0,0,0,0,0,0,0,0,0,0,0,0,0,0,0,0,0,0,0,0,0,0
Sud de la Tonnara,0,0.0059,3,197000,0.058,16.7125,483,13.53,-0.183 ,0.999 ,0,0,0,0,0,1,0,0,0,0,0,0,0,0,0,0,0,0,0,0,0,0,0,0,0,0,0,0,0,0,0,0,0,0,0,0,0,0,0,0,0,0,0,0,0,0,0,0,0,0,0,0
Fazzuolo Grande,0,0.01213,31,195000,0.196,16.6458,484,-10.37,-0.015 ,1.000 ,0,0,0,0,0,1,0,0,0,0,0,0,0,1,0,0,0,0,0,0,0,0,0,0,0,0,0,0,0,0,0,0,0,0,0,0,0,0,0,0,0,0,0,0,0,0,0,0,0,0,0,0
Porragia Piccola,0,0.0069,6,187387.33,0.098,16.8958,469,-19.78,-0.183 ,0.996 ,0,0,0,0,0,1,0,0,0,0,0,0,0,1,0,0,0,0,0,0,0,0,0,0,0,0,0,0,0,0,0,0,0,0,0,0,0,0,0,0,0,0,0,0,0,0,0,0,0,0,0,0
Porragia Grande,0,0.0166,19,187387.33,0.219,16.8958,469,-19.78,-0.015 ,0.996 ,0,0,0,0,0,1,0,0,0,0,0,0,0,1,0,0,0,0,0,0,0,0,0,0,0,0,0,0,0,0,0,0,0,0,0,0,0,0,0,0,0,0,0,0,0,0,0,0,0,0,0,0
Fazzuolo Piccolo,0,0.0024,17,195000,0.086,16.6625,482,-10.37,-0.183 ,1.000 ,0,0,0,0,0,1,0,0,0,0,0,0,0,1,0,0,0,0,0,0,0,0,0,0,0,0,0,0,0,0,0,0,0,0,0,0,0,0,0,0,0,0,0,0,0,0,0,0,0,0,0,0
Ouest de Ratino,0,0.00125,3,191137.2,0,16.9083,472,-25.56,-0.183 ,0.996 ,0,0,0,0,0,0,0,0,0,0,0,0,0,0,0,0,0,0,0,0,0,0,0,0,0,0,0,0,0,0,0,0,0,0,0,0,0,0,0,0,0,0,0,0,0,0,0,0,0,0,0,0
Ratino,0,0.04905,15,191137.2,0.404,16.9083,472,-25.56,0.489 ,0.997 ,0,0,0,0,0,1,0,0,0,0,0,0,0,1,0,0,0,0,0,0,0,0,0,0,0,0,0,0,0,0,0,0,0,0,0,0,0,0,0,0,0,0,0,0,0,0,0,0,0,0,0,0
Est de Ratino,0,0.0005,3,191137.2,0,16.9083,472,-25.56,-0.183 ,0.997 ,0,0,0,0,0,0,0,0,0,0,0,0,0,0,0,0,0,0,0,0,0,0,0,0,0,0,0,0,0,0,0,0,0,0,0,0,0,0,0,0,0,0,0,0,0,0,0,0,0,0,0,0
Piana,0,0.0645,9,191314.14,0.334,16.95,465,-28.55,0.153 ,0.999 ,0,0,0,0,0,1,0,0,0,0,0,0,0,1,0,0,0,0,0,0,0,0,0,0,0,0,0,0,0,0,0,0,0,0,0,0,0,0,0,0,0,0,0,0,0,0,0,0,0,0,0,0
Sud de Ratino,0,0.0033,4,191137.2,0.023,16.9083,472,-27.16,-0.015 ,0.997 ,0,0,0,0,0,1,0,0,0,0,0,0,0,0,0,0,0,0,0,0,0,0,0,0,0,0,0,0,0,0,0,0,0,0,0,0,0,0,0,0,0,0,0,0,0,0,0,0,0,0,0,0
Sperduto Grande,0,0.01071,12,186608.61,0.057,16.8792,463,-44.58,-0.015 ,0.990 ,0,0,0,0,0,1,0,0,0,0,0,0,0,0,0,0,0,0,0,0,0,0,0,0,0,0,0,0,0,0,0,0,0,0,0,0,0,0,0,0,0,0,0,0,0,0,0,0,0,0,0,0
Sperduto Piccolo,0,0.00303,8,186608.61,0.049,16.8792,463,-44.58,-0.183 ,0.990 ,0,0,0,0,0,1,0,0,0,0,0,0,0,0,0,0,0,0,0,0,0,0,0,0,0,0,0,0,0,0,0,0,0,0,0,0,0,0,0,0,0,0,0,0,0,0,0,0,0,0,0,0
Cavallo,25,1.20453,32,189038.2,0.327,16.8792,463,-37.4,0.489 ,0.995 ,0,1,0,0,0,1,0,0,0,0,0,0,0,1,0,0,0,0,0,0,0,0,0,0,0,0,0,0,0,0,0,0,0,0,0,0,0,0,0,0,0,0,0,0,0,0,0,0,0,0,0,0
Saint Antoine,0,0.00607,22,196842.7,0.116,16.4875,475,-34.9,-0.183 ,1.000 ,0,0,0,0,0,0,0,0,0,0,0,0,0,0,0,0,0,0,0,0,0,0,0,0,0,0,0,0,0,0,0,0,0,0,0,0,0,0,0,0,0,0,0,0,0,0,0,0,0,0,0,0
Camaro Canto,0,0.00369,10,189038.2,0.067,16.8792,463,-37.4,-0.183 ,0.995 ,0,0,0,0,0,1,0,0,0,0,0,0,0,1,0,0,0,0,0,0,0,0,0,0,0,0,0,0,0,0,0,0,0,0,0,0,0,0,0,0,0,0,0,0,0,0,0,0,0,0,0,0
San Bainsu,0,0.01875,17,189038.2,0.103,16.8792,463,-37.4,-0.183 ,0.995 ,0,0,0,0,0,1,0,0,0,0,0,0,0,1,0,0,0,0,0,0,0,0,0,0,0,0,0,0,0,0,0,0,0,0,0,0,0,0,0,0,0,0,0,0,0,0,0,0,0,0,0,0
Lavezzi A,0,0.02594,18,194000,0.043,16.8792,463,-40.88,-0.183 ,0.991 ,0,0,0,0,0,1,0,0,0,0,0,0,0,1,0,0,0,0,0,0,0,0,0,0,0,0,0,0,0,0,0,0,0,0,0,0,0,0,0,0,0,0,0,0,0,0,0,0,0,0,0,0
Lavezzi E,0,0.02109,16,194000,0.032,16.8792,463,-40.88,-0.183 ,0.991 ,0,0,0,0,0,1,0,0,0,0,0,0,0,0,0,0,0,0,0,0,0,0,0,0,0,0,0,0,0,0,0,0,0,0,0,0,0,0,0,0,0,0,0,0,0,0,0,0,0,0,0,0
Lavezzi D,0,0.00422,7,194000,0.049,16.8792,463,-40.88,-0.183 ,0.992 ,0,0,0,0,0,0,0,0,0,0,0,0,0,0,0,0,0,0,0,0,0,0,0,0,0,0,0,0,0,0,0,0,0,0,0,0,0,0,0,0,0,0,0,0,0,0,0,0,0,0,0,0
Lavezzi B,0,0.02391,29,194000,0.09,16.8792,463,-40.88,-0.183 ,0.992 ,0,1,0,0,0,1,0,0,0,0,0,0,0,1,0,0,0,0,0,0,0,0,0,0,0,0,0,0,0,0,0,0,0,0,0,0,0,0,0,0,0,0,0,0,0,0,0,0,0,0,0,0
Lavezzi C,0,0.0064,15,194000,0.042,16.8792,463,-40.88,-0.183 ,0.992 ,0,0,0,0,0,1,0,0,0,0,0,0,0,1,0,0,0,0,0,0,0,0,0,0,0,0,0,0,0,0,0,0,0,0,0,0,0,0,0,0,0,0,0,0,0,0,0,0,0,0,0,0
Lavezzi F,0,0.0097,20,194000,0.077,16.8792,463,-40.88,-0.183 ,0.992 ,0,0,0,0,0,1,0,0,0,0,0,0,0,0,0,0,0,0,0,0,0,0,0,0,0,0,0,0,0,0,0,0,0,0,0,0,0,0,0,0,0,0,0,0,0,0,0,0,0,0,0,0
Lavezzi,0,0.72937,40,194000,0.269,16.8792,463,-40.88,0.826 ,0.992 ,0,1,0,0,0,1,0,0,0,0,0,0,0,1,0,0,0,0,0,0,0,0,0,0,0,0,0,0,0,0,0,0,0,0,0,0,0,0,0,0,0,0,0,0,0,0,0,0,0,0,0,0
La Presa,0,0.3,33,189000,0.362,17.0208,440,-53.19,0.000 ,0.982 ,0,1,0,0,0,1,0,0,0,0,0,0,0,1,0,0,0,0,0,0,0,0,0,0,0,0,0,0,0,0,0,0,0,0,0,0,0,0,0,0,0,0,0,0,0,0,0,0,0,0,0,0
Capicciolu,0,0.02,21,190000,0.168,17.0208,440,-53.19,-0.779 ,0.982 ,0,1,0,0,0,1,0,0,0,0,0,0,0,1,0,0,0,0,0,0,0,0,0,0,0,0,0,0,0,0,0,0,0,0,0,0,0,0,0,0,0,0,0,0,0,0,0,0,0,0,0,0
Razzoli,0,1.9,51,191000,0.267,17.0333,444,-49.51,0.000 ,0.982 ,2,1,0,0,1,1,0,0,0,0,0,0,0,1,0,0,0,0,0,0,0,0,0,0,0,0,0,0,1,0,0,0,0,0,0,0,0,0,0,0,0,0,0,0,0,0,0,0,0,1,0,0
Santa Maria (Sardinia),50,2.01,42,194000,0.382,17.05,443,-54.79,3.117 ,0.982 ,3,1,0,1,1,1,0,0,0,0,0,0,0,1,0,0,0,0,0,0,0,0,0,0,0,0,0,0,1,0,0,1,0,0,0,0,0,0,0,0,0,0,0,0,0,0,0,0,0,1,0,0
Piana (Maddalena),0,0.043249,5,185370.31,0.351,17.0083,439,-62.56,-0.779 ,0.979 ,1,1,0,0,0,1,0,0,0,0,0,0,0,1,0,0,0,0,0,0,0,0,0,0,0,0,0,0,1,0,0,0,0,0,0,0,0,0,0,0,0,0,0,0,0,0,0,0,0,0,0,0
Corcelli,0,0.13,20,185370.31,0.359,17.0083,439,-61.22,0.779 ,0.980 ,0,1,0,0,0,1,0,0,0,0,0,0,0,1,0,0,0,0,0,0,0,0,0,0,0,0,0,0,0,0,0,0,0,0,0,0,0,0,0,0,0,0,0,0,0,0,0,0,0,0,0,0
Carpa,0,0.004084,1,190000,0.156,17.0375,444,-47.53,-0.779 ,0.982 ,0,0,0,0,0,0,0,0,0,0,0,0,0,1,0,0,0,0,0,0,0,0,0,0,0,0,0,0,0,0,0,0,0,0,0,0,0,0,0,0,0,0,0,0,0,0,0,0,0,0,0,0
settentrionale dei Paduleddi,0,0.02,1,190000,0.286,17.075,443,-47.64,0.779 ,0.982 ,0,1,0,0,0,0,0,0,0,0,0,0,0,1,0,0,0,0,0,0,0,0,0,0,0,0,0,0,0,0,0,0,0,0,0,0,0,0,0,0,0,0,0,0,0,0,0,0,0,0,0,0
Scoglio Sud Paduleddi N (i),0,0.000168,1,188374,0.05088378,17.075,444,-47.64,0.000 ,0.982 ,0,0,0,0,0,0,0,0,0,0,0,0,0,0,0,0,0,0,0,0,0,0,0,0,0,0,0,0,0,0,0,0,0,0,0,0,0,0,0,0,0,0,0,0,0,0,0,0,0,0,0,0
Scoglio Sud Paduleddi N (ii),0,0.000164,1,188374,0.05088378,17.075,444,-47.64,-0.779 ,0.982 ,0,0,0,0,0,0,0,0,0,0,0,0,0,0,0,0,0,0,0,0,0,0,0,0,0,0,0,0,0,0,0,0,0,0,0,0,0,0,0,0,0,0,0,0,0,0,0,0,0,0,0,0
meridionale dei Paduleddi,0,0.005085,1,190000,0.162,17.075,443,-47.64,-0.779 ,0.982 ,0,1,0,0,0,1,0,0,0,0,0,0,0,1,0,0,0,0,0,0,0,0,0,0,0,0,0,0,0,0,0,0,0,0,0,0,0,0,0,0,0,0,0,0,0,0,0,0,0,0,0,0
Barrettini,0,0.11,10,185782,0.339,17.0083,439,-59.88,0.000 ,0.978 ,0,0,0,0,0,1,0,0,0,0,0,0,0,1,0,0,0,0,0,0,0,0,0,0,0,0,0,0,0,0,0,0,0,0,0,0,0,0,0,0,0,0,0,0,0,0,0,0,0,0,0,0
occidentale Stramanari,0,0.00119,1,190000,0,17.0375,443,-44.51,-0.779 ,0.982 ,0,0,0,0,0,1,0,0,0,0,0,0,0,0,0,0,0,0,0,0,0,0,0,0,0,0,0,0,0,0,0,0,0,0,0,0,0,0,0,0,0,0,0,0,0,0,0,0,0,0,0,0
Budelli,0,1.84,70,191000,0.325,17.0375,443,-38.01,0.779 ,0.983 ,2,1,0,1,1,1,0,0,0,0,0,0,0,1,0,0,0,0,0,0,0,0,0,0,0,0,0,0,1,0,0,0,0,0,0,0,0,0,0,0,0,0,0,0,0,0,0,0,0,1,0,0
orientale Stramanari,0,0.001572,1,190000,0.086,17.0375,443,-44.51,-0.779 ,0.982 ,0,0,0,0,0,1,0,0,0,0,0,0,0,0,0,0,0,0,0,0,0,0,0,0,0,0,0,0,0,0,0,0,0,0,0,0,0,0,0,0,0,0,0,0,0,0,0,0,0,0,0,0
Mezzo Stramanari,0,0.002926,1,190000,0.067,17.0375,443,-44.51,0.779 ,0.982 ,0,0,0,0,0,1,0,0,0,0,0,0,0,1,0,0,0,0,0,0,0,0,0,0,0,0,0,0,0,0,0,0,0,0,0,0,0,0,0,0,0,0,0,0,0,0,0,0,0,0,0,0
Maggiore dei Barrettinelli,0,0.001538,1,186833,0.038,17.0083,439,-58.68,-0.779 ,0.977 ,0,0,0,0,0,0,0,0,0,0,0,0,0,0,0,0,0,0,0,0,0,0,0,0,0,0,0,0,0,0,0,0,0,0,0,0,0,0,0,0,0,0,0,0,0,0,0,0,0,0,0,0
settentrionale della Marmorata,0,0.02,3,197000,0.045,16.95,459,-17.49,-0.039 ,0.998 ,0,0,0,0,0,0,0,0,0,0,0,0,0,1,0,0,0,0,0,0,0,0,0,0,0,0,0,0,0,0,0,0,0,0,0,0,0,0,0,0,0,0,0,0,0,0,0,0,0,0,0,0
meridionale della Marmorata,0,0.04,10,197000,0.214,16.95,459,-17.49,-0.221 ,0.998 ,0,0,0,1,0,0,0,0,0,0,0,0,0,1,0,0,0,0,0,0,0,0,0,0,0,0,0,0,0,0,0,0,0,0,0,0,0,0,0,0,0,0,0,0,0,0,0,0,0,0,0,0
Abbatoggia,0,0.2,1,188511.06,0.142,17.0875,440,-49.04,-0.221 ,0.995 ,0,0,0,0,0,0,0,0,0,0,0,0,0,1,0,0,0,0,0,0,0,0,0,0,0,0,0,0,0,0,0,0,0,0,0,0,0,0,0,0,0,0,0,0,0,0,0,0,0,0,0,0
Spargiotto,0,0.12,26,195000,0.195,16.825,449,-8.45,-0.221 ,0.992 ,1,0,0,0,0,1,0,0,0,0,0,0,0,1,0,0,0,0,0,0,0,0,0,0,0,0,0,0,1,0,0,0,0,0,0,0,0,0,0,0,0,0,0,0,0,0,0,0,0,0,0,0
Spargi,0,4.67,120,195000,0.334,16.9458,448,-3.74,0.142 ,0.993 ,2,1,0,1,1,1,0,0,0,0,0,0,0,1,0,0,0,0,0,0,0,0,0,0,0,0,0,0,1,0,0,0,0,0,0,0,0,0,0,0,0,0,0,0,0,0,0,0,0,1,0,0
La Maddalena,220,20.1,125,185000,0.355,16.7792,449,9.39,0.868 ,0.995 ,5,1,0,1,1,1,0,0,0,0,0,0,0,1,0,0,0,0,0,0,0,0,0,0,0,0,0,1,1,0,0,1,0,0,0,0,0,0,0,0,0,0,0,0,1,0,0,0,0,1,0,0
Giardinelli,0,0.5,8,186000,0.375,17.1917,446,-34.37,-0.221 ,0.995 ,3,1,0,0,1,1,0,0,0,0,0,0,0,0,0,0,0,0,0,0,0,0,0,0,0,0,0,0,1,0,0,0,0,0,0,0,0,0,0,0,0,0,0,0,1,0,0,0,0,1,0,0
Scoglio a nord degli Italiani,0,0.00173,1,188224.73,0.019,17.3333,446,-36.64,-0.221 ,0.995 ,0,0,0,0,0,1,0,0,0,0,0,0,0,0,0,0,0,0,0,0,0,0,0,0,0,0,0,0,0,0,0,0,0,0,0,0,0,0,0,0,0,0,0,0,0,0,0,0,0,0,0,0
settentrionale degli Italiani,0,0.004167,1,188224.73,0.12,17.3333,446,-36.64,-0.039 ,0.996 ,1,0,0,0,0,1,0,0,0,0,0,0,0,1,0,0,0,0,0,0,0,0,0,0,0,0,0,0,1,0,0,0,0,0,0,0,0,0,0,0,0,0,0,0,0,0,0,0,0,0,0,0
meridionali degli Italiani,0,0.008745,1,188224.73,0.336,17.3333,446,-36.64,-0.221 ,0.996 ,1,0,0,0,0,1,0,0,0,0,0,0,0,1,0,0,0,0,0,0,0,0,0,0,0,0,0,0,1,0,0,0,0,0,0,0,0,0,0,0,0,0,0,0,0,0,0,0,0,0,0,0
Cala Scaviccio,0,0.004129,1,188225.16,0.1,17.35,449,-27.78,-0.221 ,0.996 ,0,0,0,0,0,1,0,0,0,0,0,0,0,1,0,0,0,0,0,0,0,0,0,0,0,0,0,0,0,0,0,0,0,0,0,0,0,0,0,0,0,0,0,0,0,0,0,0,0,0,0,0
Scogli I Monaci,0,0.003655,1,184391.44,0.017,17.2458,449,-43.92,-0.221 ,0.991 ,0,0,0,0,0,1,0,0,0,0,0,0,0,0,0,0,0,0,0,0,0,0,0,0,0,0,0,0,0,0,0,0,0,0,0,0,0,0,0,0,0,0,0,0,0,0,0,0,0,0,0,0
Chiesa,0,0.6,5,185000,0.296,17.0708,454,-9.3,-0.221 ,0.995 ,1,0,0,1,0,0,0,0,0,0,0,0,0,1,0,0,0,0,0,0,0,0,0,0,0,0,0,0,0,0,0,0,0,0,0,0,0,0,0,0,0,0,0,0,0,0,0,0,0,1,0,0
Caprera,4.81,15.7,212,188000,0.359,17.2125,453,-18.99,1.231 ,0.996 ,5,1,0,1,1,1,0,0,0,0,0,0,0,1,0,0,0,0,0,0,0,0,0,0,0,0,0,1,1,0,0,1,0,0,0,0,0,0,0,0,0,0,0,0,1,0,0,0,0,1,0,0
Santo Stefano,0,3.18,95,191771.89,0.344,17.1042,451,4.66,0.324 ,0.996 ,3,1,0,1,1,1,0,0,0,0,0,0,0,1,0,0,0,0,0,0,0,0,0,0,0,0,0,0,1,0,0,1,0,0,0,0,0,0,0,0,0,0,0,0,0,0,0,0,0,1,0,0
Roma,0,0.016684,1,193060,0.314,17.196,454,11.39,-0.221 ,0.996 ,0,0,0,0,0,0,0,0,0,0,0,0,0,1,0,0,0,0,0,0,0,0,0,0,0,0,0,0,0,0,0,0,0,0,0,0,0,0,0,0,0,0,0,0,0,0,0,0,0,0,0,0
Est de Pecora,0,0.002713,1,189803,0.026,17.2333,453,-10.55,-0.221 ,0.996 ,0,0,0,0,0,0,0,0,0,0,0,0,0,0,0,0,0,0,0,0,0,0,0,0,0,0,0,0,0,0,0,0,0,0,0,0,0,0,0,0,0,0,0,0,0,0,0,0,0,0,0,0
Pecora,0,0.07,12,190000,0.432,17.2583,455,-10.55,-0.039 ,0.996 ,1,1,0,0,0,1,0,0,0,0,0,0,0,1,0,0,0,0,0,0,0,0,0,0,0,0,0,0,1,0,0,0,0,0,0,0,0,0,0,0,0,0,0,0,0,0,0,0,0,0,0,0
ouest Porco,0,0.002853,3,191169.58,0.093,17.2583,455,3.95,-0.221 ,0.995 ,0,0,0,0,0,1,0,0,0,0,0,0,0,1,0,0,0,0,0,0,0,0,0,0,0,0,0,0,0,0,0,0,0,0,0,0,0,0,0,0,0,0,0,0,0,0,0,0,0,0,0,0
Porco,0,0.05,10,191169.58,0.276,17.2583,455,3.95,-0.039 ,0.995 ,1,0,0,0,0,1,0,0,0,0,0,0,0,1,0,0,0,0,0,0,0,0,0,0,0,0,0,0,1,0,0,0,0,0,0,0,0,0,0,0,0,0,0,0,0,0,0,0,0,0,0,0
delle Bisce,0,0.3,18,190000,0.493,17.05,461,-25.11,-0.221 ,0.997 ,0,1,0,0,0,1,0,0,0,0,0,0,0,1,0,0,0,0,0,0,0,0,0,0,0,0,0,0,0,0,0,0,0,0,0,0,0,0,0,0,0,0,0,0,0,0,0,0,0,0,0,0
Cappucini,0,0.03,19,219000,0.319,17.0292,468,-9.88,-0.221 ,0.997 ,0,0,0,0,0,1,0,0,0,0,0,0,0,1,0,0,0,0,0,0,0,0,0,0,0,0,0,0,0,0,0,0,0,0,0,0,0,0,0,0,0,0,0,0,0,0,0,0,0,0,0,0
settentrionale Li Nibani,0,0.02,6,190000,0.197,17.0208,474,-43.12,-0.221 ,0.997 ,0,0,0,0,0,1,0,0,0,0,0,0,0,1,0,0,0,0,0,0,0,0,0,0,0,0,0,0,0,0,0,0,0,0,0,0,0,0,0,0,0,0,0,0,0,0,0,0,0,0,0,0
Li Nibani,0,0.09,17,190000,0.236,17.0208,474,-43.12,-0.039 ,0.997 ,0,0,0,0,0,1,0,0,0,0,0,0,0,1,0,0,0,0,0,0,0,0,0,0,0,0,0,0,0,0,0,0,0,0,0,0,0,0,0,0,0,0,0,0,0,0,0,0,0,0,0,0
Roche,0,0.02,6,191577.52,0.144,17.0208,474,-40.18,-0.221 ,0.998 ,0,0,0,0,0,1,0,0,0,0,0,0,0,1,0,0,0,0,0,0,0,0,0,0,0,0,0,0,0,0,0,0,0,0,0,0,0,0,0,0,0,0,0,0,0,0,0,0,0,0,0,0
settentrionale dei Poveri,0,0.007039,1,193042.39,0.144,17.0292,479,-22.22,-0.039 ,0.997 ,0,0,0,0,0,0,0,0,0,0,0,0,0,1,0,0,0,0,0,0,0,0,0,0,0,0,0,0,0,0,0,0,0,0,0,0,0,0,0,0,0,0,0,0,0,0,0,0,0,0,0,0
meridionale dei Poveri,0,0.002985,1,193042.39,0.068,17.0292,479,-22.22,-0.221 ,0.996 ,0,0,0,0,0,1,0,0,0,0,0,0,0,0,0,0,0,0,0,0,0,0,0,0,0,0,0,0,0,0,0,0,0,0,0,0,0,0,0,0,0,0,0,0,0,0,0,0,0,0,0,0
Asinara,0,51,401,270000,0.542,15.4542,585,-328.374,-0.039 ,0.996 ,5,1,0,1,0,1,0,0,0,0,0,0,0,1,0,0,0,0,0,0,0,0,0,0,0,0,0,1,1,0,0,1,0,0,0,0,0,0,0,0,0,0,0,0,1,0,0,0,0,1,0,0
Mortorio,0,0.67,68,192000,0.293,17.0542,481,-10.3,-1.000 ,0.991 ,1,1,0,0,0,1,0,0,0,0,0,0,0,1,0,0,0,0,0,0,0,0,0,0,0,0,0,0,1,0,0,0,0,0,0,0,0,0,0,0,0,0,0,0,0,0,0,0,0,0,0,0
orientale Camere,0,0.06,8,193213.06,0.233,17.1458,479,0.99,1.000 ,0.993 ,1,0,0,0,0,1,0,0,0,0,0,0,0,1,0,0,0,0,0,0,0,0,0,0,0,0,0,0,1,0,0,0,0,0,0,0,0,0,0,0,0,0,0,0,0,0,0,0,0,0,0,0
occidentale Camere,0,0.04,7,193213.06,0.246,17.1708,484,0.99,1.000 ,0.994 ,1,0,0,0,0,0,0,0,0,0,0,0,0,1,0,0,0,0,0,0,0,0,0,0,0,0,0,0,1,0,0,0,0,0,0,0,0,0,0,0,0,0,0,0,0,0,0,0,0,0,0,0
Soffi,0,0.44,25,193213.06,0.482,17.1708,484,6.49,-1.000 ,0.994 ,1,1,0,0,0,1,0,0,0,0,0,0,0,1,0,0,0,0,0,0,0,0,0,0,0,0,0,0,1,0,0,0,0,0,0,0,0,0,0,0,0,0,0,0,0,0,0,0,0,0,0,0
Rossa di Trinità,0,0.05,21,241000,0.159,16.6042,497,32.04,-0.221 ,0.998 ,0,0,0,0,1,1,0,0,0,0,0,0,0,1,0,0,0,0,0,0,0,0,0,0,0,0,0,0,0,0,0,0,0,0,0,0,0,0,0,0,0,0,0,0,0,0,0,0,0,0,0,0
Isola di Figarolo,0,0.22,131,197782.55,0.387,16.9083,496,-20.12,-0.221 ,0.998 ,1,0,0,1,0,1,0,0,0,0,0,0,0,1,0,0,0,0,0,0,0,0,0,0,0,0,0,0,1,0,0,0,0,0,0,0,0,0,0,0,0,0,0,0,0,0,0,0,0,0,0,0
Piana,0,1.24,23,279682.88,0.594,16.625,539,-131.53,-0.039 ,0.997 ,2,1,0,0,0,1,0,0,0,0,0,0,0,1,0,0,0,0,0,0,0,0,0,0,0,0,0,0,1,0,0,0,0,0,0,0,0,0,0,0,0,0,0,0,0,0,0,0,0,1,0,0
dei Porri,0,0.015965,1,202948.08,0.274,17.15,515,4.5,-0.221 ,0.999 ,0,0,0,0,0,0,0,0,0,0,0,0,0,1,0,0,0,0,0,0,0,0,0,0,0,0,0,0,0,0,0,0,0,0,0,0,0,0,0,0,0,0,0,0,0,0,0,0,0,0,0,0
Barca Sconcia,0,0.008903,1,202445.05,0.204,17.0417,509,11.68,-0.221 ,0.998 ,0,0,0,0,0,0,0,0,0,0,0,0,0,1,0,0,0,0,0,0,0,0,0,0,0,0,0,0,0,0,0,0,0,0,0,0,0,0,0,0,0,0,0,0,0,0,0,0,0,0,0,0
Tavolara,10.3,5.9,500,199000,0.333,15.8125,533,-29.55,0.142 ,0.993 ,4,1,0,1,0,1,0,0,0,0,0,0,0,1,0,0,0,0,0,0,0,0,0,0,0,0,0,1,1,0,0,1,0,0,0,0,0,0,0,0,0,0,0,0,1,0,0,0,0,0,0,0
dei Topi,0,0.003139,1,199000,0.087,16.6417,504,-6.48,-0.221 ,0.992 ,0,0,0,0,0,1,0,0,0,0,0,0,0,0,0,0,0,0,0,0,0,0,0,0,0,0,0,0,0,0,0,0,0,0,0,0,0,0,0,0,0,0,0,0,0,0,0,0,0,0,0,0
dei Porri,0,0.003863,1,199000,0.116,17.0625,500,-8.56,-0.221 ,0.992 ,0,0,0,0,0,0,0,0,0,0,0,0,0,1,0,0,0,0,0,0,0,0,0,0,0,0,0,0,0,0,0,0,0,0,0,0,0,0,0,0,0,0,0,0,0,0,0,0,0,0,0,0
Piana di Tavolara,0,0.15,8,204522.31,0.401,17.0625,500,-2.51,0.142 ,0.997 ,1,0,0,0,0,1,0,0,0,0,0,0,0,1,0,0,0,0,0,0,0,0,0,0,0,0,0,0,1,0,0,0,0,0,0,0,0,0,0,0,0,0,0,0,0,0,0,0,0,0,0,0
Cavalli,0,0.026739,1,204549.52,0.329,16.9542,500,6.08,-0.039 ,0.998 ,0,0,0,0,0,0,0,0,0,0,0,0,0,1,0,0,0,0,0,0,0,0,0,0,0,0,0,0,0,0,0,0,0,0,0,0,0,0,0,0,0,0,0,0,0,0,0,0,0,0,0,0
Porri,0,0.04,41,291769.5,0.267,16.3875,602,-39.85,-0.221 ,0.998 ,0,0,0,0,0,0,0,0,0,0,0,0,0,1,0,0,0,0,0,0,0,0,0,0,0,0,0,0,0,0,0,0,0,0,0,0,0,0,0,0,0,0,0,0,0,0,0,0,0,0,0,0
Rosso,0,0.025349,2,204285.7,0.363,17.0875,505,-14.41,-0.221 ,0.996 ,0,0,0,0,0,1,0,0,0,0,0,0,0,1,0,0,0,0,0,0,0,0,0,0,0,0,0,0,0,0,0,0,0,0,0,0,0,0,0,0,0,0,0,0,0,0,0,0,0,0,0,0
Molarotto,0,0.026834,9,199740.8,0.136,16.8417,485,-74.92,-0.221 ,0.988 ,0,0,0,0,0,1,0,0,0,0,0,0,0,1,0,0,0,0,0,0,0,0,0,0,0,0,0,0,0,0,0,0,0,0,0,0,0,0,0,0,0,0,0,0,0,0,0,0,0,0,0,0
Molara,0,3.78,160,204000,0.434,16.6958,492,-20.68,-0.039 ,0.995 ,3,1,0,1,0,1,0,0,0,0,0,0,0,1,0,0,0,0,0,0,0,0,0,0,0,0,0,1,1,0,0,0,0,0,0,0,0,0,0,0,0,0,0,0,1,0,0,0,0,0,0,0
Isola Cana ,0,0.006665,1,205354.7,0.113,16.9292,505,-4.16,-0.221 ,0.998 ,0,0,0,0,0,0,0,0,0,0,0,0,0,1,0,0,0,0,0,0,0,0,0,0,0,0,0,0,0,0,0,0,0,0,0,0,0,0,0,0,0,0,0,0,0,0,0,0,0,0,0,0
Proratora,0,0.045054,10,205450,0.278,17.025,484,-16.26,-0.221 ,0.998 ,1,1,0,0,0,1,0,0,0,0,0,0,0,1,0,0,0,0,0,0,0,0,0,0,0,0,0,0,1,0,0,0,0,0,0,0,0,0,0,0,0,0,0,0,0,0,0,0,0,0,0,0
Ruja,0,0.031394,5,208316.11,0.313,17.15,489,16.36,-0.221 ,0.998 ,1,0,0,0,0,1,0,0,0,0,0,0,0,1,0,0,0,0,0,0,0,0,0,0,0,0,0,0,1,0,0,0,0,0,0,0,0,0,0,0,0,0,0,0,0,0,0,0,0,0,0,0
Piana ,0,0.13,101,315607.94,0.389,16.4917,750,-59.51,-0.221 ,0.998 ,0,0,0,0,0,1,0,0,0,0,0,0,0,1,0,0,0,0,0,0,0,0,0,0,0,0,0,0,0,0,0,0,0,0,0,0,0,0,0,0,0,0,0,0,0,0,0,0,0,0,0,0
de Foradada,0,0.05,116,318114.28,0.36,16.5917,741,-70.62,-0.221 ,0.998 ,0,0,0,0,0,0,0,0,0,0,0,0,0,1,0,0,0,0,0,0,0,0,0,0,0,0,0,0,0,0,0,0,0,0,0,0,0,0,0,0,0,0,0,0,0,0,0,0,0,0,0,0
Sardinia,68,24100,1834,190000,0.504,15.22,622.99,-237.74,8.306 ,0.999 ,5,1,0,1,1,1,0,0,0,0,0,0,0,1,0,0,0,0,0,0,0,0,0,0,0,0,0,1,1,0,0,1,0,0,0,0,0,0,0,0,0,0,0,0,1,0,0,0,0,1,0,0
Mal de Ventre,0,1,17,322000,0.636,17.1167,602,-60.11,-0.221 ,0.982 ,2,1,0,0,0,1,0,0,0,0,0,0,0,1,0,0,0,0,0,0,0,0,0,0,0,0,0,1,0,0,0,0,0,0,0,0,0,0,0,0,0,0,0,0,1,0,0,0,0,0,0,0
Ogliastra,0,0.051218,9,289620,0.246,17.225,313,-10.23,-0.221 ,0.996 ,1,0,0,0,0,1,0,0,0,0,0,0,0,1,0,0,0,0,0,0,0,0,0,0,0,0,0,0,1,0,0,0,0,0,0,0,0,0,0,0,0,0,0,0,0,0,0,0,0,0,0,0
Pan di Zucchero,0,0.04,12,246080.97,0.303,16.3958,621,75.74,-0.221 ,0.998 ,1,0,0,0,0,0,0,0,0,0,0,0,0,1,0,0,0,0,0,0,0,0,0,0,0,0,0,0,1,0,0,0,0,0,0,0,0,0,0,0,0,0,0,0,0,0,0,0,0,0,0,0
Scoglio centrale degli Agusteri,0,0.001711,1,241323.67,0.058,16.8625,580,135.81,-0.221 ,0.998 ,2,0,0,0,0,0,0,0,0,0,0,0,0,0,0,0,0,0,0,0,0,0,0,0,0,0,0,0,1,0,0,0,0,0,0,0,0,0,0,0,0,0,0,0,1,0,0,0,0,0,0,0
Scoglio meridionale degli Agusteri,0,0.002447,1,241323.67,0.122,16.5917,604,135.81,-0.221 ,0.998 ,1,0,0,0,0,0,0,0,0,0,0,0,0,0,0,0,0,0,0,0,0,0,0,0,0,0,0,0,1,0,0,0,0,0,0,0,0,0,0,0,0,0,0,0,0,0,0,0,0,0,0,0
Scoglio Il Morto ,0,0.003392,1,237791.75,0.118,16.5708,605,139.05,-0.221 ,0.998 ,1,0,0,0,0,1,0,0,0,0,0,0,0,1,0,0,0,0,0,0,0,0,0,0,0,0,0,0,1,0,0,0,0,0,0,0,0,0,0,0,0,0,0,0,0,0,0,0,0,0,0,0
dei Meli,0,0.008536,2,233598.58,0.215,17.35,605,-21.41,-0.221 ,0.997 ,1,0,0,0,0,1,0,0,0,0,0,0,0,1,0,0,0,0,0,0,0,0,0,0,0,0,0,0,1,0,0,0,0,0,0,0,0,0,0,0,0,0,0,0,0,0,0,0,0,0,0,0
Piana,430,0.23,17,229664.44,0.365,17.375,615,-27.79,0.142 ,0.988 ,4,0,0,0,0,1,0,0,0,0,0,0,0,1,0,0,0,0,0,0,0,0,0,0,0,0,0,0,1,0,0,1,0,0,0,0,0,0,0,0,0,0,0,0,1,0,0,0,0,1,0,0
dei Ratti,0,0.014773,1,229664.44,0.291,17.375,615,-27.79,-0.039 ,0.988 ,2,0,0,0,0,0,0,0,0,0,0,0,0,0,0,0,0,0,0,0,0,0,0,0,0,0,0,0,1,0,0,0,0,0,0,0,0,0,0,0,0,0,0,0,1,0,0,0,0,0,0,0
Varaglioni settentrionale,0,0.015032,1,200412.2,0.041,17.5917,274,-374.22,-0.221 ,0.990 ,0,0,0,0,0,0,0,0,0,0,0,0,0,1,0,0,0,0,0,0,0,0,0,0,0,0,0,0,0,0,0,0,0,0,0,0,0,0,0,0,0,0,0,0,0,0,0,0,0,0,0,0
Varaglioni centrale,0,0.012535,5,200412.2,0.051,17.5917,274,-374.22,-0.039 ,0.991 ,0,0,0,0,0,0,0,0,0,0,0,0,0,1,0,0,0,0,0,0,0,0,0,0,0,0,0,0,0,0,0,0,0,0,0,0,0,0,0,0,0,0,0,0,0,0,0,0,0,0,0,0
Varaglioni meridionale,0,0.033202,15,200412.2,0.195,17.5917,274,-374.22,-0.039 ,0.991 ,2,0,0,0,0,0,0,0,0,0,0,0,0,1,0,0,0,0,0,0,0,0,0,0,0,0,0,0,1,0,0,0,0,0,0,0,0,0,0,0,0,0,0,0,0,0,0,0,0,1,0,0
Serpentara,0,0.36,32,200412.2,0.267,17.5917,274,-421.62,-0.039 ,0.991 ,1,1,0,0,0,1,0,0,0,0,0,0,0,1,0,0,0,0,0,0,0,0,0,0,0,0,0,0,0,0,0,1,0,0,0,0,0,0,0,0,0,0,0,0,0,0,0,0,0,0,0,0
San Pietro,126.7,51,211,224000,0.402,17.0208,668,-69.89,0.324 ,0.989 ,5,1,0,1,0,1,0,0,0,0,0,0,0,1,0,0,0,0,0,0,0,0,0,0,0,0,0,1,1,0,0,1,0,0,0,0,0,0,0,0,0,0,0,0,1,0,0,0,0,1,0,0
Scoglio de Piscadeddus,0,0.00169,1,197404.36,0.019,17.075,298,-152.21,-0.221 ,0.998 ,0,0,0,0,0,1,0,0,0,0,0,0,0,0,0,0,0,0,0,0,0,0,0,0,0,0,0,0,0,0,0,0,0,0,0,0,0,0,0,0,0,0,0,0,0,0,0,0,0,0,0,0
Scoglio di Santo Stefano,0,0.003647,1,195770.5,0.033,17.1125,282,-201.09,-0.221 ,0.998 ,0,0,0,0,0,0,0,0,0,0,0,0,0,1,0,0,0,0,0,0,0,0,0,0,0,0,0,0,0,0,0,0,0,0,0,0,0,0,0,0,0,0,0,0,0,0,0,0,0,0,0,0
Cavoli,0,0.43,26,194730.05,0.393,17.5083,278,-428.75,-0.221 ,0.997 ,1,1,0,0,0,1,0,0,0,0,0,0,0,1,0,0,0,0,0,0,0,0,0,0,0,0,0,0,0,0,0,0,0,0,0,0,0,0,0,0,0,0,0,0,0,0,0,0,0,1,0,0
Sant'Antioco,99,109,271,205000,0.489,16.7292,677,-47.34,-0.039 ,0.998 ,3,1,0,1,0,1,0,0,0,0,0,0,0,1,0,0,0,0,0,0,0,0,0,0,0,0,0,0,1,0,0,1,0,0,0,0,0,0,0,0,0,0,0,0,1,0,0,0,0,0,0,0
San Macario,0,0.03,1,193000,0.24,17.2792,452,58.33,-0.221 ,0.998 ,2,0,0,0,0,1,0,0,0,0,0,0,0,0,0,0,0,0,0,0,0,0,0,0,0,0,0,0,1,0,0,0,0,0,0,0,0,0,0,0,0,0,0,0,1,0,0,0,0,0,0,0
Coltellazzo ,0,0.003429,2,190554.14,0.041,17.2375,455,62.51,-0.221 ,0.998 ,1,0,0,0,0,0,0,0,0,0,0,0,0,0,0,0,0,0,0,0,0,0,0,0,0,0,0,0,0,0,0,0,0,0,0,0,0,0,0,0,0,0,0,0,1,0,0,0,0,0,0,0
La Vacca,0,0.094281,57,197951.19,0.504,17.4833,619,-49.85,-0.221 ,0.972 ,1,1,0,0,0,1,0,0,0,0,0,0,0,0,0,0,0,0,0,0,0,0,0,0,0,0,0,0,1,0,0,0,0,0,0,0,0,0,0,0,0,0,0,0,0,0,0,0,0,0,0,0
Campionna,0,0.006881,12,193000,0.193,16.9042,565,67.49,-0.221 ,0.998 ,1,0,0,0,0,0,0,0,0,0,0,0,0,1,0,0,0,0,0,0,0,0,0,0,0,0,0,0,1,0,0,0,0,0,0,0,0,0,0,0,0,0,0,0,0,0,0,0,0,0,0,0
Rossa,0,0.11,40,189932.08,0.304,17.1542,564,50.75,-0.221 ,0.997 ,0,0,0,0,0,0,0,0,0,0,0,0,0,1,0,0,0,0,0,0,0,0,0,0,0,0,0,0,0,0,0,0,0,0,0,0,0,0,0,0,0,0,0,0,0,0,0,0,0,0,0,0
Tuaredda,0,0.04578,28,187000,0.36,17.0625,531,16.22,-0.221 ,0.998 ,1,0,0,0,0,1,0,0,0,0,0,0,0,1,0,0,0,0,0,0,0,0,0,0,0,0,0,0,0,0,0,1,0,0,0,0,0,0,0,0,0,0,0,0,0,0,0,0,0,0,0,0
Su Giudeu,0,0.004693,4,187000,0.11,17.0333,520,14.48,-0.221 ,0.998 ,1,0,0,0,0,1,0,0,0,0,0,0,0,1,0,0,0,0,0,0,0,0,0,0,0,0,0,0,1,0,0,0,0,0,0,0,0,0,0,0,0,0,0,0,0,0,0,0,0,0,0,0
Toro,0,0.1,64,192569.7,0.261,17.3,636,-102.69,-0.221 ,0.958 ,1,0,0,0,0,1,0,0,0,0,0,0,0,1,0,0,0,0,0,0,0,0,0,0,0,0,0,0,0,0,0,1,0,0,0,0,0,0,0,0,0,0,0,0,0,0,0,0,0,0,0,0
Kithira,14,278,506,13823,0.394,16.625,566,-636.24,0.139 ,0.944 ,5,1,0,0,0,0,0,0,0,0,0,0,0,0,0,0,0,0,0,0,0,0,1,0,0,0,0,0,0,0,0,1,0,0,0,0,1,0,1,0,1,0,0,0,0,0,0,0,0,0,0,0
Pori,0,0.33,122,51730,0.193,18.1125,493,-518.51,1.184 ,0.789 ,1,0,0,0,0,0,0,0,0,0,0,0,0,0,0,0,0,0,1,0,0,0,0,0,0,0,0,0,0,0,0,0,0,0,0,0,0,0,1,0,0,0,0,0,0,0,0,0,0,0,0,0
Poreti,0,0.01,17,52513,0.084,18.1125,493,-478.18,-0.906 ,0.756 ,1,0,0,0,0,0,0,0,0,0,0,0,0,0,0,0,0,0,1,0,0,0,0,0,0,0,0,0,0,0,0,0,0,0,0,0,0,0,1,0,0,0,0,0,0,0,0,0,0,0,0,0
Antikythera,3.3,19.78,378,59553,0.314,17.5333,536,-601.25,-0.906 ,0.740 ,3,1,0,0,0,0,0,0,0,0,0,0,0,0,0,0,0,0,0,0,0,0,1,0,0,0,0,0,0,0,0,1,0,0,0,0,0,0,1,0,0,0,0,0,0,0,0,0,0,0,0,0
Gramvousa,0,0.85,72,94274,0.229,18.5125,505,-451.63,-0.285 ,0.522 ,0,1,0,0,0,0,0,0,0,0,0,0,0,0,0,0,0,0,0,0,0,0,0,0,0,0,0,0,0,0,0,0,0,0,0,0,0,0,0,0,0,0,0,0,0,0,0,0,0,0,0,0
Avgo,0,0.02,6,201051,0.069,18.6083,508,-446.15,-0.285 ,0.253 ,1,0,0,0,0,0,1,0,0,0,0,0,0,0,0,0,1,0,0,0,0,0,0,0,0,0,0,0,0,0,0,0,0,0,0,0,0,0,0,0,0,0,0,0,0,0,0,0,0,0,0,0
Agioi Theodoroi,0,0.86,155,119251,0.245,18.3458,540,14.4,-0.285 ,0.519 ,0,1,0,0,0,0,0,0,0,0,0,0,0,0,0,0,1,0,0,0,0,0,0,0,0,0,0,0,0,0,0,0,0,0,0,0,0,0,0,0,0,0,0,0,0,0,0,0,0,0,0,0
Agios Nikolaos,0,0.09,5,134713,0.448,18.7999,550,90.68,-0.285 ,0.523 ,0,0,0,0,0,0,0,0,0,0,0,0,0,0,0,0,1,0,0,0,0,0,0,0,0,0,0,0,0,0,0,0,0,0,0,0,0,0,0,0,0,0,0,0,0,0,0,0,0,0,0,0
Karga,0,0.03,1,141171,0.199,18.3833,556,42.63,-0.285 ,0.526 ,0,0,0,0,0,0,0,0,0,0,0,0,0,0,0,0,1,0,0,0,0,0,0,0,0,0,0,0,0,0,0,0,0,0,0,0,0,0,0,0,0,0,0,0,0,0,0,0,0,0,0,0
Dia,0,11.8,237,212069,0.165,17.9542,540,-333.9,-0.285 ,0.431 ,3,1,0,0,0,0,1,0,0,0,0,0,0,0,0,0,1,0,0,0,0,0,0,0,0,0,0,0,1,0,0,0,0,0,0,0,0,0,0,0,0,0,0,0,0,0,0,0,0,1,0,0
Paximada (Dyonisiades),0,0.35,90,180159,0.192,18.975,521,-497.64,-0.285 ,0.439 ,0,0,0,0,0,0,0,0,0,0,0,0,0,0,0,0,1,0,0,0,0,0,0,0,0,0,0,0,0,0,0,0,0,0,0,0,0,0,0,0,0,0,0,0,0,0,0,0,0,0,0,0
Dragonada (Dyonisiades),0,3.08,121,183387,0.229,18.775,539,-358.19,0.030 ,0.459 ,1,0,0,0,0,0,0,0,0,0,0,0,0,0,0,0,1,0,0,0,0,0,0,0,0,0,0,0,0,0,0,1,0,0,0,0,0,0,0,0,0,0,0,0,0,0,0,0,0,0,0,0
Gianysada,0,2.32,145,186679,0.129,18.8125,540,-291.15,0.030 ,0.463 ,0,1,0,0,0,0,0,0,0,0,0,0,0,0,0,0,0,0,0,0,0,0,0,0,0,0,0,0,0,0,0,0,0,0,0,0,0,0,0,0,0,0,0,0,0,0,0,0,0,0,0,0
Kalydon,0,0.08,45,211887,0.147,18.8833,508,-26.4,-0.285 ,0.522 ,1,0,0,0,0,0,0,0,0,0,0,0,0,0,0,0,0,0,0,0,0,0,0,0,0,0,0,0,0,0,0,1,0,0,0,0,0,0,0,0,0,0,0,0,0,0,0,0,0,0,0,0
Elasa,0,1.5,72,180883,0.207,19.0958,540,-310.89,-0.285 ,0.505 ,1,1,0,0,0,0,1,0,0,0,0,0,0,0,0,0,1,0,0,0,0,0,0,0,0,0,0,0,0,0,0,0,0,0,0,0,0,0,0,0,0,0,0,0,0,0,0,0,0,0,0,0
Elafonisi,0,1.5,23,133770,0.177,18.6,504,-1096.79,-0.285 ,0.527 ,1,0,0,0,0,0,0,0,0,0,0,0,0,0,0,0,1,0,0,0,0,0,0,0,0,0,0,0,0,0,0,1,0,0,0,0,0,0,0,0,0,0,0,0,0,0,0,0,0,0,0,0
Crete,75,8312,2456,97470,0.286,16.41,710.57,-1065.48,4.438 ,0.529 ,6,1,0,0,0,0,1,0,0,0,0,0,0,0,0,0,1,0,0,0,0,0,0,0,0,0,0,0,1,0,0,1,0,0,0,0,1,0,0,0,0,0,0,0,0,0,0,0,1,1,0,0
Mikronisos (Crete),0,0.04,23,220948,0.238,18.9458,500,147.77,-0.285 ,0.522 ,3,0,0,0,0,0,1,0,0,0,0,0,0,0,0,0,0,0,0,0,0,0,1,0,0,0,0,0,0,0,0,1,0,0,0,0,0,0,0,0,0,0,0,0,0,0,0,0,0,0,0,0
Agili Pantes,0,0.34,44,220701,0.194,18.9458,500,147.77,0.030 ,0.523 ,1,0,0,0,0,0,0,0,0,0,0,0,0,0,0,0,0,0,0,0,0,0,0,0,0,0,0,0,0,0,0,1,0,0,0,0,0,0,0,0,0,0,0,0,0,0,0,0,0,0,0,0
Prassonisi,0,0.01,1,194268,0.084,18.4,588,36.38,-0.285 ,0.527 ,0,0,0,0,0,0,0,0,0,0,0,0,0,0,0,0,1,0,0,0,0,0,0,0,0,0,0,0,0,0,0,0,0,0,0,0,0,0,0,0,0,0,0,0,0,0,0,0,0,0,0,0
Kavaloi,0,0.01,8,209332,0.024,19.1417,531,-235.23,-0.285 ,0.525 ,0,0,0,0,0,0,0,0,0,0,0,0,0,0,0,0,1,0,0,0,0,0,0,0,0,0,0,0,0,0,0,0,0,0,0,0,0,0,0,0,0,0,0,0,0,0,0,0,0,0,0,0
Koufonissi,0,4.43,71,221469,0.152,19.0208,525,-566.66,-0.285 ,0.478 ,2,1,0,0,0,0,1,0,0,0,0,0,0,0,0,0,0,0,0,0,0,0,0,0,0,0,0,0,0,0,0,1,0,0,0,0,0,0,0,0,0,0,0,0,0,0,0,0,0,0,0,0
Mikronisi,0,0.13,20,248058,0.113,18.9542,468,-436.25,-0.285 ,0.390 ,1,0,0,0,0,0,1,0,0,0,0,0,0,0,0,0,1,0,0,0,0,0,0,0,0,0,0,0,0,0,0,0,0,0,0,0,0,0,0,0,0,0,0,0,0,0,0,0,0,0,0,0
Chrysi,0.6,5.28,28,251654,0.208,18.95,469,-460.99,0.030 ,0.398 ,1,0,0,0,0,0,1,0,0,0,0,0,0,0,0,0,1,0,0,0,0,0,0,0,0,0,0,0,0,0,0,0,0,0,0,0,0,0,0,0,0,0,0,0,0,0,0,0,0,0,0,0
Gavdos,4.7,29.6,371,198881,0.172,18.4083,548,-251.63,-0.285 ,0.181 ,2,1,0,0,0,0,0,0,0,0,0,0,0,0,0,0,0,0,0,0,0,0,0,0,0,0,0,0,0,0,0,1,0,0,0,0,0,0,0,1,0,0,0,0,0,0,0,0,0,0,0,0
Cyprus,123.4,9251,1952,81482,0.332,18.21,484.97,-730.95,0.000 ,1.000 ,8,1,1,0,0,0,0,0,1,0,0,0,0,0,0,0,0,0,0,0,0,1,0,0,0,0,0,0,1,1,1,1,0,1,0,0,0,0,0,1,0,1,0,0,0,0,0,0,1,0,0,0
Bergeggi,0,0.02,53,301.44,0.265,15.6917,847,-182.06,-0.299 ,0.930 ,2,0,0,0,0,0,0,0,0,0,0,0,0,0,0,0,0,0,0,0,0,0,0,0,0,0,0,0,0,0,0,0,0,0,0,0,0,0,0,0,0,0,0,1,0,0,0,0,0,1,0,0
Palmaria,18,1.89,188,110.76,0.589,15.9542,945,24.84,-0.016 ,0.930 ,3,1,0,0,0,0,0,0,0,0,0,0,0,0,0,0,0,0,0,0,0,0,0,0,0,0,0,0,0,0,0,1,0,0,0,0,0,0,0,0,0,0,0,1,0,0,0,0,0,1,0,0
Tino,0,0.14,122,2452.07,0.475,15.9542,945,10,-0.016 ,0.929 ,2,1,0,0,0,1,0,0,0,0,0,0,0,0,0,0,0,0,0,0,0,0,0,0,0,0,0,0,0,0,0,0,0,0,0,0,0,0,0,0,0,0,0,1,0,0,0,0,0,1,0,0
Gallinara,0,0.1,88,1479.87,0.436,15.9625,745,-163.75,-0.299 ,0.927 ,3,1,0,0,0,0,0,0,0,0,0,0,0,0,0,0,0,0,0,0,0,0,0,0,0,0,0,0,0,0,0,1,0,0,0,0,0,0,0,0,0,0,0,1,0,0,0,0,0,1,0,0
Tinetto,0,0.00517,17,3023.1,0.139,15.9542,945,6.84,-0.299 ,0.929 ,1,0,0,0,0,1,0,0,0,0,0,0,0,0,0,0,0,0,0,0,0,0,0,0,0,0,0,0,0,0,0,0,0,0,0,0,0,0,0,0,0,0,0,1,0,0,0,0,0,0,0,0
Sainte-Marguerite,9.52,1.91,35,1283.07,0.455,15.8208,850,-398.56,0.268 ,0.928 ,4,1,0,0,0,0,0,0,0,0,0,0,0,0,0,0,0,0,0,0,0,0,0,0,0,1,0,0,0,0,0,1,0,0,0,0,0,0,0,0,0,0,0,1,0,0,0,0,0,1,0,0
La Tradeliere,0,0.01,1,3465,0.12,15.85,851,-494.3,-0.299 ,0.927 ,1,0,0,0,0,1,0,0,0,0,0,0,0,0,0,0,0,0,0,0,0,0,0,0,0,0,0,0,0,0,0,0,0,0,0,0,0,0,0,0,0,0,0,1,0,0,0,0,0,0,0,0
Saint-Honorat,0,0.42,9,2910.23,0.371,15.8208,850,-449.33,-0.016 ,0.926 ,3,0,0,0,0,0,0,0,0,0,0,0,0,0,0,0,0,0,0,0,0,0,0,0,0,0,0,0,0,0,0,0,0,0,1,0,0,0,0,0,0,0,0,1,0,0,0,0,0,1,0,0
Saint Féréol,0,0.01,3,3571.95,0.152,15.85,851,-495.75,-0.299 ,0.926 ,1,0,0,0,0,1,0,0,0,0,0,0,0,0,0,0,0,0,0,0,0,0,0,0,0,0,0,0,0,0,0,0,0,0,0,0,0,0,0,0,0,0,0,1,0,0,0,0,0,0,0,0
Gorgona,134.5,2.23,254,33664.01,0.476,15.9,837,-248.53,-0.299 ,0.853 ,3,1,0,0,0,0,0,0,0,0,0,0,0,0,0,0,0,0,0,0,0,0,0,0,0,0,0,0,0,0,0,1,0,0,0,0,0,0,0,0,0,0,0,1,0,0,0,0,0,1,0,0
Frioul,75,1.94,78,1842,0.232,15.3958,567,39.41,-0.299 ,0.926 ,1,1,0,0,0,1,0,0,0,0,0,0,0,0,0,0,0,0,0,0,0,0,0,0,0,0,0,0,0,0,0,0,0,0,0,0,0,0,0,0,0,0,0,1,0,0,0,0,0,0,0,0
Jarre,0,0.1794,50,821.5,0.239,14.8042,586,-23.03,-0.016 ,0.929 ,1,0,0,0,0,1,0,0,0,0,0,0,0,0,0,0,0,0,0,0,0,0,0,0,0,0,0,0,0,0,0,0,0,0,0,0,0,0,0,0,0,0,0,1,0,0,0,0,0,0,0,0
Riou,0,0.9032,190,3181.33,0.291,15.5542,561,-76.7,-0.016 ,0.925 ,1,1,0,0,0,1,0,0,0,0,0,0,0,0,0,0,0,0,0,0,0,0,0,0,0,0,0,0,0,0,0,0,0,0,0,0,0,0,0,0,0,0,0,1,0,0,0,0,0,0,0,0
Grand Rouveau,0,0.92,32,1730.78,0.249,15.475,617,-169.43,-0.299 ,0.925 ,1,0,0,0,0,1,0,0,0,0,0,0,0,0,0,0,0,0,0,0,0,0,0,0,0,0,0,0,0,0,0,0,0,0,0,0,0,0,0,0,0,0,0,1,0,0,0,0,0,0,0,0
Redonne,0,0.0041,12,131.64,0.143,15.6917,687,-199.11,-0.299 ,0.930 ,1,0,0,0,0,0,0,0,0,0,0,0,0,0,0,0,0,0,0,0,0,0,0,0,0,0,0,0,0,0,0,0,0,0,0,0,0,0,0,0,0,0,0,1,0,0,0,0,0,0,0,0
Longue,0,0.0125,27,138.89,0.223,15.6917,687,-199.52,-0.016 ,0.931 ,1,0,0,0,0,0,0,0,0,0,0,0,0,0,0,0,0,0,0,0,0,0,0,0,0,0,0,0,0,0,0,0,0,0,0,0,0,0,0,0,0,0,0,1,0,0,0,0,0,0,0,0
Rattonniere,0,0.0046,1,409.48,0.084,15.6917,687,-198.08,-0.016 ,0.930 ,0,0,0,0,0,0,0,0,0,0,0,0,0,0,0,0,0,0,0,0,0,0,0,0,0,0,0,0,0,0,0,0,0,0,0,0,0,0,0,0,0,0,0,0,0,0,0,0,0,0,0,0
Fourmigues,0,0.003,14,586.19,0,15.6917,687,-198.08,-0.299 ,0.930 ,0,0,0,0,0,0,0,0,0,0,0,0,0,0,0,0,0,0,0,0,0,0,0,0,0,0,0,0,0,0,0,0,0,0,0,0,0,0,0,0,0,0,0,0,0,0,0,0,0,0,0,0
Capraia,22,19,445,52225,0.387,16.0792,743,-272.69,0.082 ,0.974 ,3,1,0,0,0,1,0,0,0,0,0,0,0,0,0,0,0,0,0,0,0,0,0,0,0,0,0,0,0,0,0,1,0,0,0,0,0,0,0,0,0,0,0,0,1,0,0,0,0,1,0,0
La Peraiola,0,0.01044,2,52225,0.168,15.6417,782,-272.69,-0.451 ,0.974 ,1,0,0,0,0,0,0,0,0,0,0,0,0,0,0,0,0,0,0,0,0,0,0,0,0,0,0,0,0,0,0,0,0,0,0,0,0,0,0,0,0,0,0,0,1,0,0,0,0,0,0,0
Petit Ribaud,0,0.0069,18,291.48,0.109,15.6375,688,-200.89,-0.016 ,0.930 ,1,0,0,0,0,0,0,0,0,0,0,0,0,0,0,0,0,0,0,0,0,0,0,0,0,0,0,0,0,0,0,0,0,0,0,0,0,0,0,0,0,0,0,1,0,0,0,0,0,0,0,0
Île du Levant,11,9,119,9780.42,0.459,15.7167,749,-525.43,-0.299 ,0.909 ,1,1,0,0,0,1,0,0,0,0,0,0,0,0,0,0,0,0,0,0,0,0,0,0,0,0,0,0,0,0,0,0,0,0,0,0,0,0,0,0,0,0,0,1,0,0,0,0,0,0,0,0
Grand Ribaud,0,0.165,47,725.23,0.339,15.6375,688,-192.92,-0.016 ,0.929 ,1,0,0,0,0,0,0,0,0,0,0,0,0,0,0,0,0,0,0,0,0,0,0,0,0,0,0,0,0,0,0,0,0,0,0,0,0,0,0,0,0,0,0,1,0,0,0,0,0,0,0,0
Rocher du Rascas,0,0.0045,1,8286.11,0.108,15.8083,730,-475.82,-0.299 ,0.911 ,1,0,0,0,0,1,0,0,0,0,0,0,0,0,0,0,0,0,0,0,0,0,0,0,0,0,0,0,0,0,0,0,0,0,0,0,0,0,0,0,0,0,0,1,0,0,0,0,0,0,0,0
Bagaud,0,0.45,58,7756.68,0.468,15.8958,725,-400.79,-0.299 ,0.911 ,1,1,0,0,0,1,0,0,0,0,0,0,0,0,0,0,0,0,0,0,0,0,0,0,0,0,0,0,0,0,0,0,0,0,0,0,0,0,0,0,0,0,0,1,0,0,0,0,0,0,0,0
Langoustier,0,0.0192,12,2277.39,0.138,15.6708,694,-303.74,-0.299 ,0.925 ,1,0,0,0,0,0,0,0,0,0,0,0,0,0,0,0,0,0,0,0,0,0,0,0,0,0,0,0,0,0,0,0,0,0,0,0,0,0,0,0,0,0,0,1,0,0,0,0,0,0,0,0
Port-Cros,4.3,7,199,8314.28,0.476,15.5708,744,-615.25,0.836 ,0.912 ,2,1,0,0,0,1,0,0,0,0,0,0,0,0,0,0,0,0,0,0,0,0,0,0,0,0,0,0,0,0,0,1,0,0,0,0,0,0,0,0,0,0,0,1,0,0,0,0,0,0,0,0
Porquerolles,16,12.5,142,2358.16,0.423,15.625,704,-329.44,0.552 ,0.925 ,5,1,0,0,0,1,0,0,0,0,0,0,0,0,0,0,0,0,0,0,0,0,0,0,0,0,0,0,0,0,0,1,0,0,1,0,0,0,0,0,0,0,0,1,0,0,0,0,0,1,1,0
Le Gros Sarranier,0,0.0234,26,7543.59,0.143,15.5542,713,-342.16,-0.016 ,0.925 ,0,0,0,0,0,0,0,0,0,0,0,0,0,0,0,0,0,0,0,0,0,0,0,0,0,0,0,0,0,0,0,0,0,0,0,0,0,0,0,0,0,0,0,0,0,0,0,0,0,0,0,0
Le Petit Sarranier,0,0.0068,1,8052.8,0.052,15.5542,713,-380.66,-0.299 ,0.924 ,0,0,0,0,0,0,0,0,0,0,0,0,0,0,0,0,0,0,0,0,0,0,0,0,0,0,0,0,0,0,0,0,0,0,0,0,0,0,0,0,0,0,0,0,0,0,0,0,0,0,0,0
Gabinière,0,0.0291,15,11284.62,0.092,15.9375,726,-832.47,-0.299 ,0.911 ,1,0,0,0,0,1,0,0,0,0,0,0,0,0,0,0,0,0,0,0,0,0,0,0,0,0,0,0,0,0,0,0,0,0,0,0,0,0,0,0,0,0,0,1,0,0,0,0,0,0,0,0
Topi,0,0.01,5,9305.77,0.195,16.4125,540,-40.82,-0.451 ,0.941 ,1,1,0,0,0,1,0,0,0,0,0,0,0,0,0,0,0,0,0,0,0,0,0,0,0,0,0,0,0,0,0,0,0,0,0,0,0,0,0,0,0,0,0,1,0,0,0,0,0,0,0,0
Palmaiola,0,0.7,85,7367.92,0.291,16.0917,555,-25.7,-0.451 ,0.934 ,2,0,0,0,0,1,0,0,0,0,0,0,0,0,0,0,0,0,0,0,0,0,0,0,0,0,0,0,0,0,0,1,0,0,0,0,0,0,0,0,0,0,0,1,0,0,0,0,0,0,0,0
Cerboli,0,0.11,33,6695.64,0.266,15.6083,578,-32.11,-0.299 ,0.915 ,1,0,0,0,0,1,0,0,0,0,0,0,0,0,0,0,0,0,0,0,0,0,0,0,0,0,0,0,0,0,0,0,0,0,0,0,0,0,0,0,0,0,0,0,1,0,0,0,0,0,0,0
Scoglietto di Portoferraio,0,0.006661,1,18060.76,0.069,16.3875,521,-37.74,-0.451 ,0.938 ,1,0,0,0,0,0,0,0,0,0,0,0,0,0,0,0,0,0,0,0,0,0,0,0,0,0,0,0,0,0,0,0,0,0,0,0,0,0,0,0,0,0,0,1,0,0,0,0,0,0,0,0
Scoglio dello Sparviero,0,0.015208,38,1362.94,0.179,15.8875,567,-37.32,-0.299 ,0.928 ,1,0,0,0,0,1,0,0,0,0,0,0,0,0,0,0,0,0,0,0,0,0,0,0,0,0,0,0,0,0,0,0,0,0,0,0,0,0,0,0,0,0,0,0,1,0,0,0,0,0,0,0
Ortano,0,0.008719,1,16364.53,0.139,15.8583,547,-51.59,-0.451 ,0.941 ,1,0,0,0,0,1,0,0,0,0,0,0,0,0,0,0,0,0,0,0,0,0,0,0,0,0,0,0,0,0,0,0,0,0,0,0,0,0,0,0,0,0,0,1,0,0,0,0,0,0,0,0
Scoglio della Paolina,0,0.002145,6,27368.14,0.132,16.0792,520,-52.12,-0.451 ,0.941 ,1,0,0,0,0,1,0,0,0,0,0,0,0,0,0,0,0,0,0,0,0,0,0,0,0,0,0,0,0,0,0,0,0,0,0,0,0,0,0,0,0,0,0,1,0,0,0,0,0,0,0,0
Elba,140,224,1018,9797.13,0.471,15.55,571.45,-89.96,3.282 ,0.941 ,6,1,0,0,0,1,0,0,0,0,0,0,0,0,0,0,0,0,0,0,0,0,0,0,0,0,0,1,0,0,0,1,0,0,1,0,0,0,0,0,0,0,0,1,1,0,0,0,0,1,0,0
Gemini di Terra,0,0.012802,4,25544.1,0.191,16.0333,509,-42.85,0.082 ,0.941 ,1,0,0,0,0,1,0,0,0,0,0,0,0,0,0,0,0,0,0,0,0,0,0,0,0,0,0,0,0,0,0,0,0,0,0,0,0,0,0,0,0,0,0,1,0,0,0,0,0,0,0,0
Gemini di Fuori,0,0.013208,3,25544.1,0.167,16.0333,509,-42.85,-0.451 ,0.941 ,1,0,0,0,0,1,0,0,0,0,0,0,0,0,0,0,0,0,0,0,0,0,0,0,0,0,0,0,0,0,0,0,0,0,0,0,0,0,0,0,0,0,0,1,0,0,0,0,0,0,0,0
La Scarpa,0,0.003115,1,49382.93,0.062,16.8875,413,-164.01,-0.451 ,0.910 ,0,0,0,0,0,1,0,0,0,0,0,0,0,0,0,0,0,0,0,0,0,0,0,0,0,0,0,0,0,0,0,0,0,0,0,0,0,0,0,0,0,0,0,0,0,0,0,0,0,0,0,0
La Scola,0,0.016,34,50756.46,0.238,16.8667,408,-147.58,-0.451 ,0.910 ,1,0,0,0,0,1,0,0,0,0,0,0,0,0,0,0,0,0,0,0,0,0,0,0,0,0,0,0,0,0,0,0,0,0,0,0,0,0,0,0,0,0,0,1,0,0,0,0,0,0,0,0
Pianosa,0.9,10.3,22,50756.46,0.421,16.7958,416,-147.58,0.615 ,0.911 ,4,1,0,0,0,1,0,0,0,0,0,0,0,0,0,0,0,0,0,0,0,0,0,0,0,0,0,0,0,0,0,1,0,0,0,0,0,0,0,0,0,0,0,1,1,0,0,0,0,1,0,0
Grande di Grosseto,0,0.05,3,14376.8,0.261,15.5792,596,-112.73,-0.299 ,0.898 ,1,0,0,0,0,1,0,0,0,0,0,0,0,0,0,0,0,0,0,0,0,0,0,0,0,0,0,0,0,0,0,0,0,0,0,0,0,0,0,0,0,0,0,0,1,0,0,0,0,0,0,0
Argentarola,0,0.01,20,453.72,0.086,16.4125,530,-69.66,-0.299 ,0.930 ,1,0,0,0,0,1,0,0,0,0,0,0,0,0,0,0,0,0,0,0,0,0,0,0,0,0,0,0,0,0,0,0,0,0,0,0,0,0,0,0,0,0,0,1,0,0,0,0,0,0,0,0
Isolotto di Port' Ercole,0,0.07,65,320.55,0.241,15.725,536,-23.75,-0.299 ,0.930 ,1,0,0,0,0,1,0,0,0,0,0,0,0,0,0,0,0,0,0,0,0,0,0,0,0,0,0,0,0,0,0,0,0,0,0,0,0,0,0,0,0,0,0,1,0,0,0,0,0,0,0,0
Formica di Burano,0,0.00704,1,2804.53,0.202,15.5292,540,2.79,-0.299 ,0.924 ,1,0,0,0,0,0,0,0,0,0,0,0,0,0,0,0,0,0,0,0,0,0,0,0,0,0,0,0,0,0,0,0,0,0,0,0,0,0,0,0,0,0,0,0,1,0,0,0,0,0,0,0
Rossa,0,0.011931,1,51.9,0.036,15.675,534,-74.14,-0.299 ,0.931 ,1,0,0,0,0,0,0,0,0,0,0,0,0,0,0,0,0,0,0,0,0,0,0,0,0,0,0,0,0,0,0,0,0,0,0,0,0,0,0,0,0,0,0,1,0,0,0,0,0,0,0,0
Giglio,60,23.8,496,14727.88,0.442,14.9417,479,-192.02,0.268 ,0.898 ,3,1,0,0,0,1,0,0,0,0,0,0,0,0,0,0,0,0,0,0,0,0,0,0,0,0,0,0,0,0,0,1,0,0,0,0,0,0,0,0,0,0,0,0,1,0,0,0,0,1,0,0
Cappa,0,0.002119,1,18230,0.034,16.3083,498,-192.02,-0.299 ,0.897 ,0,0,0,0,0,1,0,0,0,0,0,0,0,0,0,0,0,0,0,0,0,0,0,0,0,0,0,0,0,0,0,0,0,0,0,0,0,0,0,0,0,0,0,0,0,0,0,0,0,0,0,0
Montecristo,0,10.4,645,61317.07,0.206,14.9333,509,-299.59,-0.299 ,0.795 ,3,1,0,0,0,1,0,0,0,0,0,0,0,0,0,0,0,0,0,0,0,0,0,0,0,0,0,0,0,0,0,1,0,0,0,0,0,0,0,0,0,0,0,0,1,0,0,0,0,1,0,0
Giannutri,0,2.88,88,11708.77,0.412,16.5375,512,-126.84,-0.299 ,0.904 ,3,1,0,0,0,1,0,0,0,0,0,0,0,0,0,0,0,0,0,0,0,0,0,0,0,0,0,0,0,0,0,1,0,0,0,0,0,0,0,0,0,0,0,0,1,0,0,0,0,1,0,0
Zannone,0,1.07,188,27607.48,0.407,16.8958,702,-254,-0.299 ,0.739 ,1,0,0,0,0,0,0,0,0,0,0,1,0,0,0,0,0,0,0,0,0,0,0,0,0,0,0,0,0,0,0,0,0,0,0,0,0,0,0,0,0,0,0,0,0,0,0,0,0,1,0,0
Palmarola,0,1.36,262,34395.18,0.289,17.0708,693,-326.06,-0.016 ,0.734 ,1,1,0,0,0,0,0,0,0,0,0,1,0,0,0,0,0,0,0,0,0,0,0,0,0,0,0,0,0,0,0,0,0,0,0,0,0,0,0,0,0,0,0,0,0,0,0,0,0,1,0,0
Gavi,0,0.16,98,31976.51,0.307,16.9958,671,-252.66,-0.299 ,0.752 ,1,0,0,0,0,0,0,0,0,0,0,1,0,0,0,0,0,0,0,0,0,0,0,0,0,0,0,0,0,0,0,0,0,0,0,0,0,0,0,0,0,0,0,0,0,0,0,0,0,1,0,0
Scoglio Mezzogiorno,0,0.04,14,37222,0.207,17.0958,697,-437.69,-0.016 ,0.734 ,0,0,0,0,0,0,0,0,0,0,0,1,0,0,0,0,0,0,0,0,0,0,0,0,0,0,0,0,0,0,0,0,0,0,0,0,0,0,0,0,0,0,0,0,0,0,0,0,0,0,0,0
Scoglio Cappello,0,0.03,19,37542.46,0.183,17.0958,697,-437.69,-0.299 ,0.734 ,0,0,0,0,0,0,0,0,0,0,0,1,0,0,0,0,0,0,0,0,0,0,0,0,0,0,0,0,0,0,0,0,0,0,0,0,0,0,0,0,0,0,0,0,0,0,0,0,0,0,0,0
Ponza,0,10.16,280,32913.7,0.377,16.8708,658,-371.49,0.836 ,0.752 ,2,1,0,0,0,0,0,0,0,0,0,1,0,0,0,0,0,0,0,0,0,0,0,0,0,0,0,0,0,0,0,1,0,0,0,0,0,0,0,0,0,0,0,0,0,0,0,0,0,1,0,0
Scoglio Maddonnina,0,0.004354,7,37127.2,0.099,17.1583,672,-371.49,-0.299 ,0.752 ,0,0,0,0,0,0,0,0,0,0,0,1,0,0,0,0,0,0,0,0,0,0,0,0,0,0,0,0,0,0,0,0,0,0,0,0,0,0,0,0,0,0,0,0,0,0,0,0,0,0,0,0
La Nave,0,0.003703,4,48635,0.034,17.1,767,-619.97,-0.299 ,0.840 ,1,0,0,0,0,0,0,0,0,0,0,0,0,0,0,0,0,0,0,0,0,0,0,0,0,0,0,0,0,0,0,0,0,0,0,0,0,0,0,0,0,0,0,0,1,0,0,0,0,0,0,0
Ventotene,500,1.54,113,48514,0.409,17.1,767,-619.97,0.268 ,0.840 ,2,1,0,0,0,0,0,0,0,0,0,0,0,0,0,0,0,0,0,0,0,0,0,0,0,0,0,0,0,0,0,0,0,0,0,0,0,0,0,0,0,0,0,0,1,0,0,0,0,1,0,0
Santo Stefano,0,0.32,83,47297,0.507,17.1,777,-648.25,-0.016 ,0.843 ,2,1,0,0,0,0,0,0,0,0,0,0,0,0,0,0,0,0,0,0,0,0,0,0,0,0,0,0,0,0,0,0,0,0,0,0,0,0,0,0,0,0,0,0,1,0,0,0,0,1,0,0
Procida,2449.3,4.1,112,2933,0.448,16.95,897,-117.27,-0.016 ,0.924 ,1,0,0,0,0,0,0,0,0,0,0,0,0,0,0,0,0,0,0,0,0,0,0,0,0,0,0,0,0,0,0,0,0,0,0,0,0,0,0,0,0,0,0,0,1,0,0,0,0,0,0,0
Ischia,1383.6,46.3,788,9251,0.529,16.03,895,-448.04,0.268 ,0.919 ,3,1,0,0,0,0,0,0,0,0,0,0,0,0,0,0,0,0,0,0,0,0,0,0,0,0,0,0,0,0,0,1,0,0,0,0,0,0,0,0,0,0,0,0,1,0,0,0,0,1,0,0
Capri,2400,10.4,589,5198,0.461,16.68,919,-661.29,-0.016 ,0.919 ,3,1,0,0,0,0,0,0,0,0,0,0,0,0,0,0,0,0,0,0,0,0,0,0,0,0,0,0,0,0,0,1,0,0,0,0,0,0,0,0,0,0,0,0,1,0,0,0,0,1,0,0
Symi,39,65.75,617,7070,0.2456,17.5333,838,-225.67,0.139 ,0.938 ,8,1,0,0,0,0,0,1,0,0,0,0,0,0,0,0,0,0,0,0,0,0,1,1,0,0,1,0,0,0,0,1,1,0,0,0,0,0,0,0,0,1,0,0,0,0,0,0,1,0,0,0
Rodos,93,1401,1216,17550,0.3974,17.9208,756,-643.97,1.184 ,0.741 ,9,1,0,0,0,0,0,0,0,0,0,0,0,0,0,0,0,0,0,0,0,0,1,1,0,0,1,0,1,0,0,1,1,0,0,1,0,0,0,0,0,1,0,0,0,0,0,0,1,0,0,0
Chalki,13,26.99,593,45950,0.3127,17.3125,754,-726.8,-0.906 ,0.656 ,4,1,0,0,0,0,0,1,0,0,0,0,0,0,0,0,0,0,0,0,0,0,1,0,0,0,0,0,0,0,0,1,0,0,0,0,0,0,0,0,0,0,0,0,0,0,0,0,1,0,0,0
Sofrano,0,1.416,203,109370,0.1205,18.7833,578,-454.57,-0.533 ,0.000 ,2,0,0,0,0,0,0,1,0,0,0,0,0,0,0,0,0,0,0,0,0,0,0,0,0,0,0,0,0,0,0,0,0,0,0,0,0,0,0,0,0,0,1,0,0,0,0,0,0,0,0,0
Saria,2.2,20.43,631,86660,0.2888,17.7875,703,-1239.36,-0.906 ,0.441 ,1,0,0,0,0,0,0,1,0,0,0,0,0,0,0,0,0,0,0,0,0,0,0,0,0,0,0,0,0,0,0,0,0,0,0,0,0,0,0,0,0,0,0,0,0,0,0,0,0,0,0,0
Karpathos,26,302.2,1220,94360,0.3318,18.5333,664,-1379.76,1.184 ,0.442 ,6,1,0,0,0,0,0,1,0,0,0,0,0,0,0,0,0,0,0,0,0,0,1,0,0,0,0,0,1,0,0,1,0,0,0,0,0,0,0,0,0,1,0,0,0,0,0,0,1,0,0,0
Kasos,16,66.42,601,141440,0.2954,18.025,672,-864.31,-0.906 ,0.404 ,5,1,0,0,0,0,0,1,0,0,0,0,0,0,0,0,0,0,0,0,0,0,1,1,0,0,0,0,1,0,0,1,0,0,0,0,0,0,0,0,0,0,0,0,0,0,0,0,0,0,0,0
Strombolicchio,0,0.004354,5,54614.93,0.039,18.3833,726,-1845.05,-0.792 ,0.797 ,1,0,0,0,0,0,0,0,0,0,0,0,1,0,0,0,0,0,0,0,0,0,0,0,0,0,0,0,0,0,0,0,0,0,0,0,0,0,0,0,0,0,0,0,0,0,0,0,0,1,0,0
Stromboli,41.8,12.6,924,54848.32,0.255,14.6417,630,-1714.16,0.088 ,0.801 ,3,1,0,0,0,0,0,0,0,0,0,0,0,0,0,0,0,0,0,0,0,0,0,0,0,0,0,0,0,0,0,1,0,0,0,0,0,0,0,0,0,0,0,0,1,0,0,0,0,1,0,0
Ustica,151.4,8.7,49,220349.17,0.296,17.525,485,-1580.7,-0.792 ,0.556 ,3,1,0,0,0,0,0,0,0,0,0,0,0,0,0,0,0,0,0,0,0,0,0,0,0,0,0,0,0,0,0,1,0,0,0,0,0,0,0,0,0,0,0,0,1,0,0,0,0,1,0,0
Spinazzola,0,0.005136,1,63049.56,0.023,18.2875,734,-1192.04,-0.792 ,0.835 ,1,0,0,0,0,0,0,0,0,0,0,0,0,0,0,0,0,0,0,0,0,0,0,0,0,0,0,0,0,0,0,0,0,0,0,0,0,0,0,0,0,0,0,0,1,0,0,0,0,0,0,0
Basiluzzo,0,0.32,143,62530.67,0.234,18.2875,734,-1192.04,0.088 ,0.835 ,3,1,0,0,0,0,0,0,0,0,0,0,0,0,0,0,0,0,0,0,0,0,0,0,0,0,0,0,0,0,0,1,0,0,0,0,0,0,0,0,0,0,0,0,1,0,0,0,0,1,0,0
La Nave,0,0.00387,1,66818.68,0.0389,18.1833,673,-1168.82,-0.792 ,0.843 ,1,0,0,0,0,0,0,0,0,0,0,0,0,0,0,0,0,0,0,0,0,0,0,0,0,0,0,0,0,0,0,0,0,0,0,0,0,0,0,0,0,0,0,0,1,0,0,0,0,0,0,0
Dattilo,0,0.02127,1,63519.93,0.074,17.7875,678,-1193.62,0.968 ,0.840 ,3,0,0,0,0,0,0,0,0,0,0,0,0,0,0,0,0,0,0,0,0,0,0,0,0,0,0,0,0,0,0,1,0,0,0,0,0,0,0,0,0,0,0,0,1,0,0,0,0,1,0,0
Lisca Bianca,0,0.03,8,62142.51,0.181,18.2875,734,-1127.85,0.088 ,0.837 ,3,0,0,0,0,0,0,0,0,0,0,0,0,0,0,0,0,0,0,0,0,0,0,0,0,0,0,0,0,0,0,1,0,0,0,0,0,0,0,0,0,0,0,0,1,0,0,0,0,1,0,0
Bottaro,0,0.005635,1,62985.59,0.407,18.2875,734,-1138.22,-0.792 ,0.837 ,3,0,0,0,0,0,0,0,0,0,0,0,0,0,0,0,0,0,0,0,0,0,0,0,0,0,0,0,0,0,0,1,0,0,0,0,0,0,0,0,0,0,0,0,1,0,0,0,0,1,0,0
Panarea,82,3.4,421,65087.23,0.34,17.2583,663,-1119.6,2.729 ,0.844 ,3,1,0,0,0,0,0,0,0,0,0,0,0,0,0,0,0,0,0,0,0,0,0,0,0,0,0,0,0,0,0,1,0,0,0,0,0,0,0,0,0,0,0,0,1,0,0,0,0,1,0,0
Lisca Nera,0,0.00012966,1,63067.97,0,18.2875,734,-1139.93,-0.792 ,0.838 ,0,0,0,0,0,0,0,0,0,0,0,0,0,0,0,0,0,0,0,0,0,0,0,0,0,0,0,0,0,0,0,0,0,0,0,0,0,0,0,0,0,0,0,0,0,0,0,0,0,0,0,0
La Canna,0,0.004107,1,104662.94,0.009,17.425,582,-1452.05,-0.792 ,0.823 ,0,0,0,0,0,0,0,0,0,0,0,0,1,0,0,0,0,0,0,0,0,0,0,0,0,0,0,0,0,0,0,0,0,0,0,0,0,0,0,0,0,0,0,0,0,0,0,0,0,0,0,0
Scoglio Faraglione,0,0.01,1,82568.2,0.073,17.2875,618,-983.37,-0.792 ,0.865 ,1,0,0,0,0,0,0,0,0,0,0,0,1,0,0,0,0,0,0,0,0,0,0,0,0,0,0,0,0,0,0,0,0,0,0,0,0,0,0,0,0,0,0,0,0,0,0,0,0,1,0,0
Filicudi,25,9.5,774,98316.84,0.336,16.175,589,-1452.26,0.968 ,0.826 ,3,1,0,0,0,0,0,0,0,0,0,0,0,0,0,0,0,0,0,0,0,0,0,0,0,0,0,0,0,0,0,1,0,0,0,0,0,0,0,0,0,0,0,0,1,0,0,0,0,1,0,0
Salina,100,26.8,962,76151.49,0.429,16.1167,625,-947.08,0.968 ,0.866 ,3,1,0,0,0,0,0,0,0,0,0,0,0,0,0,0,0,0,0,0,0,0,0,0,0,0,0,0,0,0,0,1,0,0,0,0,0,0,0,0,0,0,0,0,1,0,0,0,0,1,0,0
Alicudi,23,5.2,656,116468.86,0.25,16.6333,564,-1478.15,0.088 ,0.790 ,3,1,0,0,0,0,0,0,0,0,0,0,0,0,0,0,0,0,0,0,0,0,0,0,0,0,0,0,0,0,0,1,0,0,0,0,0,0,0,0,0,0,0,0,1,0,0,0,0,1,0,0
Lipari,241.3,37,583,63574.21,0.274,16.4583,634,-693.53,1.849 ,0.875 ,3,1,0,0,0,0,0,0,0,0,0,0,0,0,0,0,0,0,0,0,0,0,0,0,0,0,0,0,0,0,0,1,0,0,0,0,0,0,0,0,0,0,0,0,1,0,0,0,0,1,0,0
Fuori di Cala Fico,0,0.003246,10,69991.21,0.051,18.0583,633,-721.12,-0.792 ,0.875 ,1,0,0,0,0,0,0,0,0,0,0,0,0,0,0,0,0,0,0,0,0,0,0,0,0,0,0,0,0,0,0,0,0,0,0,0,0,0,0,0,0,0,0,0,1,0,0,0,0,0,0,0
Pietra Quaglietto,0,0.003232,5,64188.41,0.034,18.4542,629,-818.12,-0.792 ,0.877 ,1,0,0,0,0,0,0,0,0,0,0,0,0,0,0,0,0,0,0,0,0,0,0,0,0,0,0,0,0,0,0,1,0,0,0,0,0,0,0,0,0,0,0,0,0,0,0,0,0,0,0,0
Vulcano,45.4,20.9,501,57232.43,0.235,17.2625,639,-850.78,0.088 ,0.877 ,3,1,0,0,0,0,0,0,0,0,0,0,1,0,0,0,0,0,0,0,0,0,0,0,0,0,0,0,0,0,0,1,0,0,0,0,0,0,0,0,0,0,0,0,1,0,0,0,0,1,0,0
delle Femmine,0,0.15,35,209610,0.267,18.375,457,-111.53,-0.299 ,0.923 ,2,1,0,0,0,0,0,0,0,0,0,0,0,0,0,0,0,0,0,0,0,0,0,0,0,0,0,0,1,0,0,0,0,0,0,0,0,0,0,0,0,0,0,0,1,0,0,0,0,0,0,0
Levanzo,37.1,5.8,268,151880,0.401,17.3875,479,-99.07,-0.299 ,0.896 ,4,1,0,0,0,0,0,0,0,0,0,0,0,0,1,0,0,0,0,0,0,0,0,0,0,0,0,0,1,0,0,1,0,0,0,0,0,0,0,0,0,0,0,0,1,0,0,0,0,1,0,0
Formica,25,0.04,6,159440,0.166,18.0375,479,-55.01,-0.299 ,0.911 ,1,0,0,0,0,0,0,0,0,0,0,0,0,0,0,0,0,0,0,0,0,0,0,0,0,0,0,0,0,0,0,0,0,0,0,0,0,0,0,0,0,0,0,0,1,0,0,0,0,0,0,0
Marettimo,55.6,12,686,132940,0.391,16.55,538,-352.78,-0.299 ,0.875 ,4,1,0,0,0,0,0,0,0,0,0,0,0,0,1,0,0,0,0,0,0,0,0,0,0,0,0,0,1,0,0,1,0,0,0,0,0,0,0,0,0,0,0,0,1,0,0,0,0,1,0,0
Favignana,172.1,19,306,143910,0.314,17.3125,494,-79.63,-0.016 ,0.911 ,4,1,0,0,0,0,0,0,0,0,0,0,0,0,1,0,0,0,0,0,0,0,0,0,0,0,0,0,1,0,0,1,0,0,0,0,0,0,0,0,0,0,0,0,1,0,0,0,0,1,0,0
Lunga,0,6.48,1,152000,0.253,18.0125,461,17.34,-0.299 ,0.924 ,4,1,0,0,0,0,0,0,0,0,0,0,0,0,1,0,0,0,0,0,0,0,0,0,0,0,0,0,1,0,0,1,0,0,0,0,0,0,0,0,0,0,0,0,1,0,0,0,0,1,0,0
Santa Maria (Sicily),0,0.18,11,153080,0.267,18,463,23.75,-0.299 ,0.923 ,3,1,0,0,0,0,0,0,0,0,0,0,0,0,1,0,0,0,0,0,0,0,0,0,0,0,0,0,1,0,0,0,0,0,0,0,0,0,0,0,0,0,0,0,1,0,0,0,0,1,0,0
San Pantaleo (Mozia),22.2,0.41,15,152520,0.301,17.9458,473,23.75,-0.299 ,0.922 ,4,1,0,0,0,0,0,0,0,0,0,0,0,0,1,0,0,0,0,0,0,0,0,0,0,0,0,0,1,0,0,1,0,0,0,0,0,0,0,0,0,0,0,0,1,0,0,0,0,1,0,0
La Scuola,0,0.003714,1,151770,0.131,18.025,464,23.75,-0.299 ,0.921 ,1,0,0,0,0,0,0,0,0,0,0,0,0,0,1,0,0,0,0,0,0,0,0,0,0,0,0,0,1,0,0,0,0,0,0,0,0,0,0,0,0,0,0,0,0,0,0,0,0,0,0,0
Bella,0,0.01,14,34670,0.155,18.8542,647,-271.73,-0.299 ,0.925 ,3,0,0,0,0,0,0,0,0,0,0,0,0,0,0,0,0,0,0,0,0,0,0,0,0,0,0,0,0,0,0,1,0,0,0,0,0,0,0,0,0,0,0,0,1,0,0,0,0,1,0,0
Sicily,190,25832,3329,3477,0.334,15.425,493,-526.99,4.527 ,0.925 ,6,1,0,0,0,0,0,0,0,0,0,0,0,0,1,0,0,0,0,0,0,0,0,0,0,0,0,1,1,0,0,1,0,0,1,0,0,0,0,0,0,0,0,0,1,0,0,0,0,1,0,0
Lachea,0,0.02,12,63920,0.117,17.9083,544,-297.48,-0.299 ,0.924 ,3,0,0,0,0,0,0,0,0,0,0,0,0,0,0,0,0,0,0,0,0,0,0,0,0,0,0,0,0,0,0,1,0,0,0,0,0,0,0,0,0,0,0,0,1,0,0,0,0,1,0,0
Faraglioni dei Ciclopi,0,0.004238,6,63920,0.047,17.9083,544,-297.48,-0.299 ,0.924 ,3,0,0,0,0,0,0,0,0,0,0,0,0,0,0,0,0,0,0,0,0,0,0,0,0,0,0,0,0,0,0,1,0,0,0,0,0,0,0,0,0,0,0,0,1,0,0,0,0,1,0,0
Rocca di San Nicola,0,0.01,4,187240,0.166,18.2208,384,44.9,-0.299 ,0.925 ,1,0,0,0,0,0,0,0,0,0,0,0,0,0,0,0,0,0,0,0,0,0,0,0,0,0,0,0,0,0,0,0,0,0,0,0,0,0,0,0,0,0,0,0,1,0,0,0,0,0,0,0
Ognina,0,0.01,1,113480,0.165,18.1292,484,-244.6,-0.299 ,0.924 ,1,0,0,0,0,0,0,0,0,0,0,0,0,0,0,0,0,0,0,0,0,0,0,0,0,0,0,0,0,0,0,0,0,0,0,0,0,0,0,0,0,0,0,0,1,0,0,0,0,0,0,0
Pantelleria,93,83,836,70352,0.358,15.55,515,-865.96,-0.688 ,0.438 ,4,1,0,0,0,0,0,0,0,0,0,0,0,0,0,0,0,0,0,0,0,0,0,0,0,0,0,0,1,0,0,1,0,0,0,0,0,0,0,0,0,0,0,0,1,0,0,0,0,1,0,0
Di Vendicari,0,0.04737,1,137960,0.179,18.2833,453,-5.68,-0.299 ,0.924 ,3,0,0,0,0,0,0,0,0,0,0,0,0,0,0,0,0,0,0,0,0,0,0,0,0,0,0,0,0,0,0,1,0,0,0,0,0,0,0,0,0,0,0,0,1,0,0,0,0,1,0,0
piccola di Marzamemi,400,0.00487,1,143230,0.084,18.4125,458,-28.89,-0.299 ,0.925 ,1,0,0,0,0,0,0,0,0,0,0,0,0,0,0,0,0,0,0,0,0,0,0,0,0,0,0,0,0,0,0,0,0,0,0,0,0,0,0,0,0,0,0,0,1,0,0,0,0,0,0,0
Capo Passero,0,0.322682,16,147100,0.23,18.5458,455,-47.19,-0.299 ,0.924 ,4,0,0,0,0,0,0,0,0,0,0,0,0,0,0,0,0,0,0,0,0,0,0,0,0,0,0,0,1,0,0,1,0,0,0,0,0,0,0,0,0,0,0,0,1,0,0,0,0,1,0,0
Delle Correnti,0,0.032435,1,154110,0.147,18.3667,456,-31.48,-0.299 ,0.925 ,2,0,0,0,0,0,0,0,0,0,0,0,0,0,0,0,0,0,0,0,0,0,0,0,0,0,0,0,0,0,0,0,0,0,0,0,0,0,0,0,0,0,0,0,1,0,0,0,0,1,0,0
Gozo,447.8,67,186,243448.19,0.296,18.6458,515,-250.55,0.125 ,0.730 ,4,1,0,0,0,0,0,0,0,0,0,0,0,0,0,1,0,0,0,0,0,0,0,0,0,0,0,0,1,1,0,1,0,0,0,0,0,0,0,0,0,0,0,0,0,0,0,0,0,1,0,0
General's Rock,0,0.01,9,248140.3,0.148,18.5708,498,-206.56,-0.688 ,0.730 ,0,0,0,0,0,0,0,0,0,0,0,0,0,0,0,1,0,0,0,0,0,0,0,0,0,0,0,0,0,0,0,0,0,0,0,0,0,0,0,0,0,0,0,0,0,0,0,0,0,0,0,0
Cominotto,0,0.106,18,244783.97,0.119,18.8917,498,-96.51,-0.688 ,0.732 ,1,0,0,0,0,0,0,0,0,0,0,0,0,0,0,1,0,0,0,0,0,0,0,0,0,0,0,0,0,0,0,1,0,0,0,0,0,0,0,0,0,0,0,0,0,0,0,0,0,0,0,0
Comino,0.9,3.5,70,245310.75,0.173,18.8083,503,-96.51,0.938 ,0.732 ,2,1,0,0,0,0,0,0,0,0,0,0,0,0,0,1,0,0,0,0,0,0,0,0,0,0,0,0,1,0,0,1,0,0,0,0,0,0,0,0,0,0,0,0,0,0,0,0,0,0,0,0
Selmunett,0,0.06,21,247062,0.263,18.8875,507,-63.19,-0.688 ,0.736 ,1,0,0,0,0,0,0,0,0,0,0,0,0,0,0,1,0,0,0,0,0,0,0,0,0,0,0,0,0,0,0,1,0,0,0,0,0,0,0,0,0,0,0,0,0,0,0,0,0,0,0,0
Manoel,1664,0.31,29,248564,0.285,19.175,519,-24.78,-0.688 ,0.736 ,2,0,0,0,0,0,0,0,0,0,0,0,0,0,0,1,0,0,0,0,0,0,0,0,0,0,0,0,1,1,0,0,0,0,0,0,0,0,0,0,0,0,0,0,0,0,0,0,0,0,0,0
Malta,1664,246,253,245540.25,0.442,18.925,544,-174.56,2.563 ,0.736 ,4,1,0,0,0,0,0,0,0,0,0,0,0,0,0,1,0,0,0,0,0,0,0,0,0,0,0,0,1,1,0,1,0,0,0,0,0,0,0,0,0,0,0,0,0,0,0,0,0,1,0,0
Linosa,79.4,5.45,195,165082.62,0.346,18.975,357,-754.69,0.938 ,0.438 ,3,0,0,0,0,0,0,0,0,0,0,0,0,0,0,1,0,0,0,0,0,0,0,0,0,0,0,0,1,0,0,1,0,0,0,0,0,0,0,0,0,0,0,0,0,0,0,0,0,1,0,0
Filfola,0,0.04,16,264696.28,0.222,18.7042,528,-214.89,-0.688 ,0.725 ,2,0,0,0,0,0,0,0,0,0,0,0,0,0,0,1,0,0,0,0,0,0,0,0,0,0,0,0,0,0,0,1,0,0,0,0,0,0,0,0,0,0,0,0,0,0,0,0,0,1,0,0
Lampione,0,0.04,36,111571.98,0.252,18.9917,316,-100.27,-0.688 ,0.296 ,1,0,0,0,0,0,0,0,0,0,0,0,0,0,0,1,0,0,0,0,0,0,0,0,0,0,0,0,1,0,0,0,0,0,0,0,0,0,0,0,0,0,0,0,0,0,0,0,0,0,0,0
Lampedusa,321.5,20.2,133,128167.77,0.318,19.3833,321,-93.79,0.938 ,0.338 ,4,1,0,0,0,0,0,0,0,0,0,0,0,0,0,1,0,0,0,0,0,0,0,0,0,0,0,0,1,0,0,1,0,0,0,0,0,0,0,0,0,0,0,0,1,0,0,0,0,1,0,0
Isola dei Conigli,0,0.044,14,130165.97,0.267,19.2667,316,-93.79,-0.688 ,0.338 ,3,0,0,0,0,0,0,0,0,0,0,0,0,0,0,0,0,0,0,0,0,0,0,0,0,0,0,0,1,0,0,0,0,0,0,0,0,0,0,0,0,0,0,0,0,1,0,0,0,1,0,0
Gallo,0,0.09,46,41997.82,0.099,17.5375,842,-74.37,0.000 ,0.657 ,1,0,0,0,0,0,0,0,0,0,0,0,0,0,0,0,0,0,0,0,0,0,0,0,0,0,0,0,1,0,0,0,0,0,0,0,0,0,0,0,0,0,0,0,0,0,0,0,0,0,0,0
Gallina,0,0.033019,12,41860.98,0.08,17.5375,842,-74.37,0.000 ,0.659 ,1,0,0,0,0,0,0,0,0,0,0,0,0,0,0,0,0,0,0,0,0,0,0,0,0,0,0,0,1,0,0,0,0,0,0,0,0,0,0,0,0,0,0,0,0,0,0,0,0,0,0,0
La Galite,0,8.02,391,38717.37,0.329,16.8708,886,-76.75,0.968 ,0.661 ,3,1,0,0,0,1,0,0,0,0,0,0,0,0,0,0,0,0,0,0,0,0,0,0,0,0,0,0,1,0,0,1,0,0,0,0,0,0,0,0,0,0,0,0,0,0,0,0,0,0,0,1
Galitone,0,0.31,123,41582.12,0.177,17.0458,865,-76.01,0.000 ,0.655 ,2,0,0,0,0,1,0,0,0,0,0,0,0,0,0,0,0,0,0,0,0,0,0,0,0,0,0,0,1,0,0,0,0,0,0,0,0,0,0,0,0,0,0,0,0,1,0,0,0,0,0,0
La Fauchelle,0,0.13,40,40742,0.114,17.0458,865,-76.01,0.000 ,0.655 ,2,0,0,0,0,1,0,0,0,0,0,0,0,0,0,0,0,0,0,0,0,0,0,0,0,0,0,0,1,0,0,0,0,0,0,0,0,0,0,0,0,0,0,0,0,1,0,0,0,0,0,0
Cani,0,0.07956,3,10633.78,0.103,17.9875,569,-62.23,-0.323 ,0.417 ,1,0,0,0,0,1,0,0,0,0,0,0,0,0,0,0,0,0,0,0,0,0,0,0,0,0,0,0,1,0,0,0,0,0,0,0,0,0,0,0,0,0,0,0,0,0,0,0,0,0,0,0
