,x,number,tree,nest_height,roof,species,bird,AF,habitat,near.magpie,near.other,near.amurfalcon,near.empty,near.water,near.field,near.wetland,near.soil,near.street,near.settlement,prop.field,prop.forest,prop.reed,prop.shrubs,prop.soil,prop.steppe,prop.water,prop.wetland,prop.willowshrubs,slope_percent,slope,aspect,x,number,species,bird,AF,habitat,fire_at_nest,prop.less_burned,prop.often_burned,x,number,species,bird,AF,habitat,TA,NP,PD,LPI,TE,ED,LSI,AREA_MN,AREA_AM,AREA_MD,SHAPE_MN,SHAPE_AM,FRAC_MN,FRAC_AM,PARA_MN,PARA_AM,CIRCLE_MN,CIRCLE_AM,CONTIG_MN,CONTIG_AM,PAFRAC,PROX_MN,ENN_MN,CONTAG,PLADJ,IJI,COHESION,DIVISION,MESH,SPLIT,PR,PRD,SHDI,SIDI,SHEI,SIEI,AI
1,1,MN105,Betula,6.5,yes,AF,af,1,Forest,931.02,931.02,275.56,1389.01,75.11,230.82,67.82,147.44,31.59,1034.7,0.96,5.68,4.35,1.33,6.97,17.35,1.98,43.69,17.69,7.3,4.18,331.6,1,MN105,AF,af,1,Forest,4,25.99,0,1,MN105,AF,af,1,Forest,1350.25,2333,172.7828,21.8478,403625,298.9261,28.6854,0.5788,85.5459,0.0625,1.1968,6.4621,1.0364,1.2307,1407.4595,611.2201,0.2646,0.6771,0.1079,0.6024,1.5625,40.062,76.3129,35.8654,61.7987,71.7625,94.7898,0.9366,85.5459,15.7839,9,0.6665,1.6396,0.7381,0.7462,0.8304,62.8153
2,2,MN103,Betula,6.9,yes,AF,af,1,Forest,661.05,661.05,275.56,1122.35,19.55,506.16,16.03,141.75,22.67,945.8,0.89,5.56,4.21,1.72,8.17,16.76,2.69,43.06,16.94,6.6,3.78,347,2,MN103,AF,af,1,Forest,4,30.36,0,2,MN103,AF,af,1,Forest,1437.875,2443,169.9035,21.8639,418850,291.2979,28.7566,0.5886,92.566,0.0625,1.1936,6.4208,1.0361,1.226,1395.8657,595.2882,0.2685,0.6844,0.1133,0.6113,1.55,41.3118,75.4269,35.461,62.7945,72.4282,94.8841,0.9356,92.566,15.5335,9,0.6259,1.6748,0.7461,0.7622,0.8393,63.8187
3,3,MN118,Quercus,7.2,yes,AF,af,1,Willowshrubs,258.45,258.45,571.48,109.54,137.02,112.88,135.94,232.5,288.86,4301.46,5.2,4.62,3.23,2.4,9.96,15.45,2.4,33.79,22.95,7.2,4.12,74,3,MN118,AF,af,1,Willowshrubs,5,2.25,0,3,MN118,AF,af,1,Willowshrubs,1274.9375,2524,197.9705,9.0936,427025,334.938,31.0507,0.5051,27.6351,0.0625,1.2242,4.27,1.0407,1.1973,1387.5063,683.21,0.2927,0.7029,0.1191,0.555,1.5646,19.7769,73.113,29.9334,57.2994,74.5697,90.7959,0.9783,27.6351,46.1347,9,0.7059,1.8054,0.7912,0.8217,0.8901,58.3543
4,4,MN67,Prunus,6.2,yes,AF,af,1,Forest,22.37,22.37,407.88,543.38,23.1,366.33,21.53,22.84,9.9,4874.1,6.16,5.41,3.02,2.73,10.52,13.87,2.34,32.04,23.91,11,6.32,243.4,4,MN67,AF,af,1,Forest,2,2.26,0,4,MN67,AF,af,1,Forest,1364.125,2796,204.9666,5.5255,460450,337.5424,32.3007,0.4879,21.816,0.0625,1.2218,3.8346,1.0402,1.1904,1393.6956,687.9868,0.2837,0.7073,0.1166,0.5514,1.56,17.3942,73.0346,28.5786,57.0008,76.7881,89.5753,0.984,21.816,62.5286,9,0.6598,1.8393,0.801,0.8371,0.9011,58.027
5,5,MN121,dead,6.8,yes,AF,af,1,Reed,426.52,426.52,158.81,380.11,190.51,224.27,233.11,339.15,422.04,4579.15,5.43,5.1,2.88,2.77,9.39,14.17,2.15,32.52,25.59,4,2.33,75.9,5,MN121,AF,af,1,Reed,6,2.26,0,5,MN121,AF,af,1,Reed,1516.0625,3024,199.4641,9.5313,513700,338.8383,34.0994,0.5013,31.5632,0.0625,1.2196,4.6404,1.0402,1.2029,1389.8792,689.7143,0.2869,0.7117,0.1181,0.5508,1.563,23.7344,73.1932,29.4301,56.8929,75.0062,91.432,0.9792,31.5632,48.0326,9,0.5936,1.8104,0.7928,0.824,0.8919,57.8582
6,6,MN81,Ulmus,7.2,yes,AF,af,1,Forest,162.1,162.1,309.89,300.9,223.85,673.4,117.23,624.94,23.48,1256.52,0.34,4.93,3.97,1.68,8.96,14.94,3.14,44.05,17.99,8.5,4.88,280,6,MN81,AF,af,1,Forest,3,38.96,0,6,MN81,AF,af,1,Forest,1636.8125,2546,155.5462,22.1276,455700,278.407,29.2778,0.6429,111.5731,0.0625,1.1991,6.6999,1.0366,1.2336,1403.5092,568.1775,0.2675,0.7017,0.1093,0.6297,1.5615,56.8674,76.1923,37.4656,64.4889,70.237,95.3445,0.9318,111.5731,14.6703,9,0.5498,1.6412,0.7379,0.7469,0.8301,65.4557
7,7,MN122,Quercus,6.4,yes,AF,af,1,Forest,62.55,62.55,407.88,202.24,20.98,238.38,66.34,0.95,47.96,5188.01,6.97,5.44,2.85,2.86,9.49,13.49,2.34,32.18,24.38,9.9,5.65,233.1,7,MN122,AF,af,1,Forest,5,2.37,0.22,7,MN122,AF,af,1,Forest,1473.375,3078,208.9081,6.5411,503575,341.7833,33.8782,0.4787,24.4875,0.0625,1.2175,4.1423,1.0408,1.1944,1393.2586,695.8853,0.288,0.7097,0.1178,0.5472,1.555,18.4928,73.413,28.4037,56.5072,76.912,90.2599,0.9834,24.4875,60.1686,9,0.6108,1.8348,0.7991,0.835,0.899,57.4813
8,8,MN124,Salix,6.1,yes,AF,af,1,Wetland,496.85,496.85,74.67,236.79,81.73,103.9,95.47,199.81,464.09,4652.56,5.74,5.12,2.85,2.8,9.01,13.65,2.05,32.77,26.03,3.5,2,45,8,MN124,AF,af,1,Wetland,7,2.26,0,8,MN124,AF,af,1,Wetland,1583.8125,3202,202.1704,7.2333,535425,338.0609,34.7288,0.4946,30.1966,0.0625,1.217,4.6205,1.0402,1.202,1398.0983,687.8024,0.2862,0.6992,0.1152,0.5527,1.5572,22.9642,72.9626,29.598,57.0124,75.0276,91.4123,0.9809,30.1966,52.45,9,0.5682,1.8044,0.7909,0.8212,0.8898,57.9538
9,9,MN123,Betula,6.9,yes,AF,af,1,Reed,517.48,517.48,29.16,163.75,24.73,58.48,28.01,129.3,458.66,4710.97,6.05,5.12,2.85,2.85,8.89,13.3,2.02,32.89,26.03,6.4,3.69,4.3,9,MN123,AF,af,1,Reed,7,2.26,0,9,MN123,AF,af,1,Reed,1605.25,3204,199.5951,10.3956,542600,338.0159,34.9657,0.501,34.8949,0.0625,1.2188,4.7462,1.0403,1.2038,1391.651,687.6188,0.2863,0.7141,0.1175,0.5524,1.5613,25.9154,73.7945,29.4254,57.0238,75.3173,91.6618,0.9783,34.8949,46.0025,9,0.5607,1.8105,0.792,0.824,0.891,57.9623
10,10,MN133,Populus,13.5,yes,AF,af,1,Soil,1383.94,1383.94,1383.36,1392.27,3.12,798.26,517.13,0,22.72,526.01,0.09,6.4,5.16,1.84,13.58,11.14,4.08,42.44,15.28,2.1,1.2,45,10,MN133,AF,af,1,Soil,0,41.32,0,10,MN133,AF,af,1,Soil,1102.5625,1868,169.4235,29.8793,312400,283.3399,24.6278,0.5902,118.5737,0.0625,1.204,6.5948,1.0389,1.2202,1396.7629,580.4206,0.2816,0.6711,0.1134,0.62,1.5632,40.7008,74.0913,35.3723,63.7237,73.9078,95.2711,0.8925,118.5737,9.2985,9,0.8163,1.7021,0.7561,0.7746,0.8507,64.8985
11,11,MN125,Tilia,6.4,unknown,AF,af,1,Forest,533.37,533.37,29.16,138.15,27.91,51.98,23.7,106.96,462.56,4729.83,6.15,5.13,2.84,2.86,8.84,13.16,2.01,32.94,26.05,2.9,1.7,0,11,MN125,AF,af,1,Forest,7,2.26,0,11,MN125,AF,af,1,Forest,1616,3226,199.6287,8.002,547450,338.7686,35.1615,0.5009,29.1221,0.0625,1.2241,4.4671,1.0406,1.2007,1393.6835,689.078,0.285,0.7028,0.1169,0.5517,1.5629,20.3864,72.6065,29.5787,56.9326,74.957,91.0529,0.982,29.1221,55.4904,9,0.5569,1.8048,0.7907,0.8214,0.8895,57.8618
12,12,MN78,dead,7.8,yes,AF,af,1,Reed,1.72,1.72,309.89,10.5,350.93,382.18,192.83,613.02,2.38,1342.15,0.14,4.73,3.91,1.69,9.22,14.37,3.15,44.76,18.04,7.1,4.08,326.3,12,MN78,AF,af,1,Reed,3,41.94,0,12,MN78,AF,af,1,Reed,1686.625,2528,149.8851,33.4507,457700,271.3703,28.9605,0.6672,208.2453,0.0625,1.1957,8.9003,1.0371,1.2477,1399.3534,553.8279,0.2723,0.6933,0.1122,0.6383,1.554,83.7208,77.045,38.462,65.3858,69.3778,96.7329,0.8765,208.2453,8.0992,9,0.5336,1.6226,0.7322,0.7385,0.8237,66.3377
13,13,MN131,Salix,5.9,yes,AF,af,1,Wetland,1288.75,132.42,1013.83,1283.29,128.17,563.07,174.9,246.47,1288.91,2515.82,0.66,3.33,2.66,1.7,3.06,13.14,1.11,49.37,24.96,4.9,2.83,126.8,13,MN131,AF,af,1,Wetland,4,26.87,0,13,MN131,AF,af,1,Wetland,1930.75,2572,133.2125,33.0474,532600,275.8514,31.4176,0.7507,236.116,0.0625,1.2028,10.6821,1.0361,1.2747,1405.4087,562.2427,0.265,0.6797,0.1091,0.6337,1.565,150.4904,79.8101,43.8291,64.8598,60.2409,97.2863,0.8777,236.116,8.1771,9,0.4661,1.4282,0.6725,0.65,0.7565,65.6911
14,14,MN24,dead,6.4,yes,AF,af,1,Forest,8.12,8.12,1222.28,542,246.15,43.01,917.28,872.1,26.34,2457.77,0.67,3.39,3.59,1.6,7.23,9.94,2.09,50.1,21.4,3.1,1.79,108.4,14,MN24,AF,af,1,Forest,2,44.22,0,14,MN24,AF,af,1,Forest,1665.75,2061,123.7281,24.3246,412575,247.6812,26.3379,0.8082,152.2931,0.0625,1.1971,7.968,1.0359,1.2515,1393.1355,506.1984,0.2731,0.6859,0.1132,0.668,1.5536,74.087,77.9936,43.6242,68.3626,61.4254,96.6548,0.9086,152.2931,10.9378,9,0.5403,1.5144,0.6858,0.6892,0.7715,69.3595
15,15,MN50,Salix,5.7,yes,AF,af,1,Willowshrubs,1170.24,1090.28,1013.83,1314.42,112.78,870.4,109.49,287.76,1096.34,3246.53,0.87,4.96,2.61,2.14,2.7,8.45,0.79,49.41,28.06,1.9,1.13,180,15,MN50,AF,af,1,Willowshrubs,6,29.46,0,15,MN50,AF,af,1,Willowshrubs,1961.5625,2728,139.0728,28.8705,562050,286.5318,32.7915,0.719,188.6681,0.0625,1.2019,9.8409,1.0364,1.2698,1394.8909,583.2595,0.2719,0.6929,0.1138,0.6193,1.5569,108.4302,77.8019,43.5417,63.5463,59.8647,96.87,0.9038,188.6681,10.3969,9,0.4588,1.4191,0.666,0.6458,0.7492,64.3544
16,16,MN138,Betula,5.6,unknown,AF,af,1,Shrubs,2141.39,951.51,962.1,2347.9,334.34,466.07,111.71,379.24,2261.79,5244.94,4.63,5.21,1.68,2.82,1.94,7.31,0.77,46.98,28.65,1.9,1.13,90,16,MN138,AF,af,1,Shrubs,7,8.44,0,16,MN138,AF,af,1,Shrubs,1961.375,2883,146.9887,41.8648,602900,307.3864,35.093,0.6803,359.0506,0.0625,1.1879,15.8312,1.0346,1.2993,1412.0098,624.9697,0.2602,0.6397,0.1055,0.5942,1.5607,238.0112,79.445,40.7967,60.9394,62.3975,98.0991,0.8169,359.0506,5.4627,9,0.4589,1.4809,0.6847,0.674,0.7702,61.7293
17,17,MN141,Salix,7,yes,AF,af,1,Steppe,2567.23,2489.49,2598.15,1271.19,233.2,610.29,109.23,210.47,5.45,7910.54,3.13,3.31,2.48,1.93,4.83,12.38,2.19,46.29,23.44,0.9,0.56,180,17,MN141,AF,af,1,Steppe,9,17.49,6.25,17,MN141,AF,af,1,Steppe,1944.5,3336,171.5608,35.7193,598175,307.6241,35.0241,0.5829,262.1109,0.0625,1.1862,11.8364,1.0353,1.2644,1420.9948,625.5336,0.2563,0.6608,0.1021,0.5937,1.5562,136.9341,78.6972,37.9756,60.9042,67.9245,97.2632,0.8652,262.1109,7.4186,9,0.4628,1.5702,0.7078,0.7146,0.7963,61.7209
18,18,MN136,Quercus,7.9,yes,AF,af,1,Forest,1789.79,136.16,664.51,2769.15,134.59,154.21,315.23,1167.35,1509.12,6202.68,7.96,5.09,1.47,2.64,0.84,5.52,1.28,49.37,25.83,1.5,0.89,18.4,18,MN136,AF,af,1,Forest,7,12.3,0.23,18,MN136,AF,af,1,Forest,1961.375,2777,141.5843,44.4044,594975,303.3459,34.6465,0.7063,397.8932,0.0625,1.2018,16.1217,1.0367,1.3011,1410.0844,616.8887,0.2651,0.6277,0.1075,0.5998,1.5674,242.5027,80.8746,41.5101,61.4445,62.7406,98.1768,0.7971,397.8932,4.9294,9,0.4589,1.4654,0.6769,0.6669,0.7615,62.2275
19,19,MN08,Populus,12.6,unknown,AF,af,1,Forest,362.51,56.68,315.41,241.27,18.94,187.75,11.17,7.03,9.63,4814.28,7.27,5.63,2.75,1.67,2.09,5.23,0.78,53.05,21.53,1.9,1.13,270,19,MN08,AF,af,1,Forest,2,49.39,0,19,MN08,AF,af,1,Forest,1877.0625,2724,145.1204,19.1356,540475,287.9366,32.2637,0.6891,125.8339,0.0625,1.203,8.1587,1.0368,1.2584,1385.2813,586.1552,0.276,0.694,0.118,0.6154,1.5465,70.1509,78.0426,41.6387,63.3653,66.9581,96.0967,0.933,125.8339,14.917,9,0.4795,1.4608,0.6605,0.6649,0.743,64.1785
20,20,MN62,Quercus,5,yes,AF,af,1,Forest,413.9,253.91,2.75,288.8,18.66,149.22,25.34,149.28,273.17,5011.95,9.01,5.71,2.43,1.61,1.55,5.11,0.73,52.95,20.91,6.2,3.58,288.4,20,MN62,AF,af,1,Forest,3,49.12,0,20,MN62,AF,af,1,Forest,1944.5625,2763,142.0885,23.0868,558200,287.0569,32.7479,0.7038,164.1349,0.0625,1.2028,9.5773,1.0377,1.2676,1388.103,584.296,0.2795,0.6856,0.1173,0.6174,1.5452,100.3027,76.5096,41.8883,63.4815,66.975,96.7565,0.9156,164.1349,11.8473,9,0.4628,1.453,0.6601,0.6613,0.7426,64.2724
21,21,MN23,dead,5.4,yes,AF,af,1,Forest,411.45,251.18,2.75,286.06,17.54,151.25,25.64,149.14,271.44,5013.87,8.94,6,2.41,1.69,1.65,5.07,0.77,54.38,21.97,6.2,3.58,288.4,21,MN23,AF,af,1,Forest,3,63.12,0,21,MN23,AF,af,1,Forest,2292.625,3069,133.864,19.8544,623700,272.0462,33.6016,0.747,154.7566,0.0625,1.1994,9.1687,1.0367,1.2594,1394.29,553.4486,0.2767,0.7034,0.1135,0.6375,1.549,93.6664,76.8914,40.0261,65.4095,67.7504,96.7592,0.9325,154.7566,14.8144,9,0.3926,1.5762,0.7038,0.7174,0.7917,66.2127
22,22,AF1,Quercus,8,yes,AF,af,1,Shrubs,1125.39,798.26,664.51,2105.14,254.58,10.84,262.7,1099.45,1190.26,6400.73,9.99,5.23,1.53,2.22,0.06,5.25,1.43,51.87,22.42,1.4,0.8,225,22,AF1,AF,af,1,Shrubs,3,17.48,0,22,AF1,AF,af,1,Shrubs,1961.375,2773,141.3804,47.8332,575850,293.5951,33.569,0.7073,458.7955,0.0625,1.1943,16.3153,1.0362,1.2997,1403.4226,597.387,0.2686,0.5944,0.1103,0.6112,1.5549,260.6448,82.0242,43.0751,62.6633,62.5339,98.2794,0.7661,458.7955,4.2751,9,0.4589,1.4204,0.6611,0.6465,0.7437,63.4195
23,23,MN97,Quercus,8,yes,AF,af,1,Shrubs,3.05,455.63,691.4,722.68,135.44,5.31,140.84,740.42,128.79,5589.09,14.01,6.02,1.83,2.01,1.55,4.45,0.7,50.76,18.68,5.1,2.92,209,23,MN97,AF,af,1,Shrubs,3,43.58,0,23,MN97,AF,af,1,Shrubs,1961.5,2751,140.2498,44.0607,564900,287.9939,32.9521,0.713,393.0772,0.0625,1.1973,14.7396,1.0367,1.289,1394.3734,586.184,0.2739,0.6189,0.114,0.6169,1.5475,233.4774,77.9692,41.0868,63.3635,67.0797,98.0817,0.7996,393.0772,4.9901,9,0.4588,1.4884,0.6803,0.6774,0.7653,64.1595
24,24,MN21,Populus,11.3,no,AF,af,1,Forest,360.5,360.5,14.26,406.75,16.55,63.35,58.88,388.92,399.68,5494.25,11.2,5.48,2.28,1.71,6.88,4.48,0.81,48.36,18.81,5.6,3.23,344.7,24,MN21,AF,af,1,Forest,2,56.75,0,24,MN21,AF,af,1,Forest,1859.6875,2487,133.7321,30.7108,513025,275.8662,30.8565,0.7478,214.9183,0.0625,1.2059,10.4636,1.0383,1.2669,1383.6809,562.0837,0.2893,0.7028,0.1194,0.6311,1.551,139.2611,78.4058,39.3223,64.8698,68.999,97.2291,0.8844,214.9183,8.653,9,0.484,1.5864,0.7083,0.722,0.7969,65.756
25,25,MN22,Populus,11,yes,AF,af,1,Forest,362.39,362.39,14.26,414.9,25.04,49.59,72.68,390.42,401.79,5490.69,11.11,5.47,2.29,1.71,6.97,4.48,0.81,48.35,18.81,4,2.33,14,25,MN22,AF,af,1,Forest,2,56.76,0,25,MN22,AF,af,1,Forest,1855.75,2600,140.1051,34.9555,520500,280.4796,31.2899,0.7138,245.9512,0.0625,1.1957,11.3091,1.0364,1.2683,1395.565,571.3323,0.2744,0.6674,0.1126,0.6263,1.5536,147.6153,77.035,38.9944,64.2917,68.9749,97.4238,0.8675,245.9512,7.5452,9,0.485,1.5903,0.7082,0.7238,0.7967,65.172
26,26,MN23,dead,5.4,yes,AF,af,1,Wetland,559.81,559.81,200.46,582.09,174.92,29.09,95.84,588.62,597.28,5689.47,11.84,5.46,2.1,1.67,8.99,4.21,0.82,44.03,17.99,6.6,3.8,296.5,26,MN23,AF,af,1,Wetland,3,63.12,0,26,MN23,AF,af,1,Wetland,2292.625,3069,133.864,19.8544,623700,272.0462,33.6016,0.747,154.7566,0.0625,1.1994,9.1687,1.0367,1.2594,1394.29,553.4486,0.2767,0.7034,0.1135,0.6375,1.549,93.6664,76.8914,40.0261,65.4095,67.7504,96.7592,0.9325,154.7566,14.8144,9,0.3926,1.5762,0.7038,0.7174,0.7917,66.2127
27,27,MN53,dead,5.9,yes,AF,af,1,Shrubs,1113.28,1113.28,710.6,2263.33,73.8,51.32,160.32,343.25,81.12,7749.79,10.32,3.06,1.38,2.01,2.52,5.75,1.47,52.89,20.61,0.7,0.4,225,27,MN53,AF,af,1,Shrubs,3,15.94,1.16,27,MN53,AF,af,1,Shrubs,1961.6875,2600,132.5389,46.7295,534050,272.2401,31.2141,0.7545,442.3899,0.0625,1.1921,14.646,1.0356,1.2932,1411.9373,554.6755,0.2589,0.6044,0.1065,0.6391,1.5511,189.8352,80.7637,43.5646,65.3328,63.2444,98.2004,0.7745,442.3899,4.4343,9,0.4588,1.4571,0.6607,0.6631,0.7433,66.1644
28,28,MN56,Betula,9.8,yes,AF,af,1,Forest,402.98,402.98,701.46,1568.69,546.15,19.34,449.34,149.36,12.27,7487.23,11.36,3.64,1.29,1.93,4.23,5.1,1.39,52.65,18.42,2.2,1.26,296.5,28,MN56,AF,af,1,Forest,2,19.36,0.11,28,MN56,AF,af,1,Forest,1961.375,2535,129.2461,47.8746,524575,267.4527,30.6803,0.7737,464.5028,0.0625,1.1971,14.9186,1.0365,1.2915,1406.4776,545.1023,0.2666,0.5904,0.1098,0.645,1.5475,241.1328,83.8493,43.0163,65.9311,63.8529,98.284,0.7632,464.5028,4.2225,9,0.4589,1.4922,0.6686,0.6791,0.7522,66.7859
29,29,MN98,Salix,2.7,yes,AF,af,1,Wetland,416.58,416.58,455.6,570.23,209.75,65.59,409.36,880.95,247.7,6895.43,13.96,4.98,1.36,1.91,8.16,4.59,0.42,48.7,15.92,1.9,1.13,0,29,MN98,AF,af,1,Wetland,4,33.9,0,29,MN98,AF,af,1,Wetland,1961.5,2541,129.5437,45.5423,520400,265.3072,30.4451,0.7719,424.0976,0.0625,1.1886,14.8938,1.0356,1.2811,1399.9062,540.8106,0.2658,0.602,0.1118,0.6472,1.5364,227.2719,81.4474,41.0799,66.1993,65.8509,98.2979,0.7838,424.0976,4.6251,9,0.4588,1.5698,0.7066,0.7145,0.7949,67.0671
30,30,MN58,Betula,8.3,yes,AF,af,1,Forest,307.68,307.68,455.6,903.44,24.78,13.4,769.18,606.51,0.16,7143.38,12.66,4.59,1.32,1.92,6.61,4.89,0.59,51.38,16.04,1.4,0.8,225,30,MN58,AF,af,1,Forest,2,24.65,0,30,MN58,AF,af,1,Forest,1961.375,2517,128.3283,46.9282,517450,263.82,30.2789,0.7793,448.2,0.0625,1.1903,14.8064,1.0356,1.2882,1408.3445,537.837,0.2615,0.6021,0.1085,0.65,1.545,233.1357,81.8793,42.1788,66.3852,65.5049,98.2925,0.7715,448.2,4.3761,9,0.4589,1.5298,0.6852,0.6962,0.7709,67.2433
31,31,MN48,dead,3.1,yes,AF,af,1,Steppe,176.62,176.62,307.7,296.91,232.69,1880.1,380.02,116.03,2657.68,10201.7,0.7,2.37,1.42,2.09,5.33,7.04,3.18,61.59,16.27,0.9,0.56,180,31,MN48,AF,af,1,Steppe,8,5.64,6.56,31,MN48,AF,af,1,Steppe,1961.8125,2624,133.7539,54.911,467450,238.2746,27.462,0.7476,603.5991,0.0625,1.1672,14.0039,1.0342,1.2808,1408.4019,486.7438,0.2626,0.5307,0.1066,0.6817,1.5304,129.1688,80.1336,49.7635,69.5785,62.0832,98.3902,0.6923,603.5991,3.2502,9,0.4588,1.3108,0.5833,0.5966,0.6562,70.3974
32,32,MN45,Quercus,5.4,yes,AF,af,1,Shrubs,378.57,275.13,307.7,122.29,75.78,2165.15,211.81,378.56,2624.29,10222.57,0.56,2.37,1.4,1.95,5.33,6.4,3.53,62.05,16.42,2.2,1.26,296.5,32,MN45,AF,af,1,Shrubs,8,4.32,7.29,32,MN45,AF,af,1,Shrubs,1961.75,2551,130.037,59.4431,449375,229.0684,26.4437,0.769,700.8647,0.0625,1.1587,14.5085,1.0316,1.2834,1411.539,468.3318,0.2442,0.4883,0.1037,0.693,1.5251,181.485,82.9604,50.8608,70.7293,60.7393,98.548,0.6427,700.8647,2.799,9,0.4588,1.2953,0.5777,0.5895,0.6499,71.5623
33,33,MN171,Betula,6.6,yes,AF,af,1,Forest,929.85,333.41,168,351.74,513.54,1784.48,729.39,744.02,1600.44,10348.71,0.85,1,0.99,0.83,27.41,4.58,2.72,49.79,11.83,1.5,0.89,251.5,33,MN171,AF,af,1,Forest,8,20.66,18.08,33,MN171,AF,af,1,Forest,1926.5,1714,88.9696,46.9569,319225,165.7021,19.2741,1.124,508.7224,0.0625,1.1623,9.8757,1.0323,1.2344,1421.9698,341.7856,0.2478,0.5651,0.0996,0.7767,1.5156,133.9262,90.476,53.9873,78.6384,60.7983,98.4049,0.7359,508.7224,3.7869,9,0.4672,1.3665,0.6594,0.6219,0.7418,79.5644
34,34,MN173,Quercus,8.5,unknown,AF,af,1,Shrubs,851.66,191.85,189.23,183.44,444.41,1823,500.81,779.92,1778.27,10498.6,0.55,1.11,1,0.9,24.13,4.71,2.87,52.63,12.1,1.9,1.13,90,34,MN173,AF,af,1,Shrubs,9,16.91,18.05,34,MN173,AF,af,1,Shrubs,1949.5,1836,94.178,49.2722,334025,171.3388,20.0014,1.0618,532.2891,0.0625,1.1585,10.378,1.0318,1.242,1423.3511,352.9367,0.2455,0.5591,0.0992,0.769,1.5098,130.6596,88.5066,53.8142,77.9415,60.779,98.4364,0.727,532.2891,3.6625,9,0.4617,1.3535,0.6476,0.616,0.7286,78.8485
35,35,MN170,Betula,7.8,yes,AF,af,1,Willowshrubs,765.5,182.09,168,209.73,599.96,1766.9,673.23,852.5,1766.54,10516.2,0.45,0.99,0.85,0.79,26.52,4.7,2.67,51.13,11.92,0.7,0.4,135,35,MN170,AF,af,1,Willowshrubs,8,18.81,18.11,35,MN170,AF,af,1,Willowshrubs,1914,1669,87.1996,49.6767,316375,165.2952,19.2214,1.1468,544.6662,0.0625,1.167,10.5398,1.0336,1.2398,1414.442,341.0397,0.255,0.5554,0.104,0.7771,1.514,137.6023,92.8874,54.8665,78.685,58.8394,98.5464,0.7154,544.6662,3.5141,9,0.4702,1.3359,0.6505,0.608,0.7318,79.5993
36,36,MN164,Quercus,7,yes,AF,af,1,Forest,5.77,5.77,422.5,557.88,689.73,1011.59,794.81,343.02,1323.2,11246.23,0,1.02,0.81,0.65,24.03,4.8,2.6,55.09,10.99,0,0,-1,36,MN164,AF,af,1,Forest,9,12.85,17.85,36,MN164,AF,af,1,Forest,1792.5,1603,89.4282,53.56,291825,162.8033,18.3938,1.1182,559.0694,0.0625,1.1545,10.3965,1.0314,1.2462,1416.3316,336.7364,0.2498,0.5661,0.1016,0.7797,1.5042,107.0743,90.5745,53.9399,78.954,63.0561,98.5621,0.6881,559.0694,3.2062,8,0.4463,1.2737,0.6241,0.6125,0.7132,79.8538
37,37,MN163,Salix,2.5,yes,AF,af,1,Shrubs,417.16,417.16,422.5,196.42,284.16,843.89,491.49,1.9,1160.7,11515.79,0,1.13,0.9,0.67,18.51,5.05,2.91,60.05,10.78,2.5,1.44,101.3,37,MN163,AF,af,1,Shrubs,9,8.24,17.89,37,MN163,AF,af,1,Shrubs,1869.1875,1805,96.566,59.043,316425,169.2848,19.4465,1.0356,678.2446,0.0625,1.1455,11.5937,1.0309,1.2627,1424.2726,349.2694,0.2458,0.5224,0.0975,0.7712,1.5054,133.5059,89.8265,54.1304,78.1707,64.0528,98.6921,0.6371,678.2446,2.7559,8,0.428,1.2402,0.5902,0.5964,0.6745,79.0364
38,38,MN161,dead,5,yes,AF,af,1,Shrubs,668.6,668.6,456.99,291.43,234.23,387.2,806.12,15.14,715.44,11910.65,0,1.19,0.99,0.9,16.15,5.3,3.37,61.25,10.86,2.1,1.2,315,38,MN161,AF,af,1,Shrubs,6,7.73,19.13,38,MN161,AF,af,1,Shrubs,1763.375,1774,100.6025,58.191,312625,177.2879,19.7932,0.994,626.2554,0.0625,1.1553,11.1765,1.0313,1.265,1429.1948,365.8609,0.2385,0.551,0.0955,0.7612,1.5249,107.5954,91.33,55.6887,77.1337,60.6883,98.5495,0.6449,626.2554,2.8157,9,0.5104,1.2465,0.5827,0.5673,0.6556,78.0205
39,39,MN116,Quercus,7.8,unknown,no,empty,0,Wetland,438.41,438.41,695.75,805.28,45.87,55.83,99.03,236.82,220.69,4081.59,4.56,4.37,3.61,2.16,8.11,17.35,2.89,36.88,20.06,2.9,1.7,270,39,MN116,no,empty,0,Wetland,8,2.25,0,39,MN116,no,empty,0,Wetland,958.875,1974,205.8662,10.5853,321575,335.367,27.1754,0.4858,25.7764,0.0625,1.2201,4.1303,1.0414,1.1952,1395.0856,686.7944,0.2916,0.6996,0.1173,0.5531,1.5579,20.0911,73.3986,30.4513,57.0753,74.6953,90.4952,0.9731,25.7764,37.1997,9,0.9386,1.7751,0.7784,0.8079,0.8757,58.2772
40,40,MN108,dead,4.5,yes,no,empty,0,Willowshrubs,406.5,406.5,1264.13,8.47,469.6,61.38,323.31,4.82,1.6,3052.97,2.04,3.8,3.38,2.17,5.51,16.6,2.31,40.83,23.37,4,2.33,284,40,MN108,no,empty,0,Willowshrubs,7,3.65,0,40,MN108,no,empty,0,Willowshrubs,1317.625,2363,179.3378,14.2349,411875,312.5889,29.5687,0.5576,50.7852,0.0625,1.2105,5.5172,1.0392,1.2194,1392.1019,639.1044,0.2827,0.6928,0.117,0.5835,1.5511,34.0353,75.9616,35.0982,60.056,70.0744,93.4861,0.9615,50.7852,25.9451,9,0.683,1.653,0.7453,0.7523,0.8384,61.0815
41,41,MN109,dead,4.5,no,no,empty,0,Willowshrubs,403.6,403.6,1261.93,8.47,477.01,60.73,329.2,8.54,4.87,3056.68,2.04,3.79,3.37,2.18,5.53,16.59,2.3,40.81,23.38,4,2.33,284,41,MN109,no,empty,0,Willowshrubs,7,3.64,0,41,MN109,no,empty,0,Willowshrubs,1321.75,2375,179.686,14.4647,414575,313.6561,29.7543,0.5565,61.6644,0.0625,1.2075,6.1065,1.0387,1.2259,1399.3414,641.1954,0.2793,0.687,0.1144,0.5825,1.5516,40.9066,76.6302,35.1102,59.9253,70.2326,94.1523,0.9533,61.6644,21.4346,9,0.6809,1.6496,0.7436,0.7507,0.8365,60.9451
42,42,MN119,dead,8.5,unknown,no,empty,0,Shrubs,367.69,367.69,109.54,805.28,103.81,125.51,140.62,159.54,347.66,4346.23,5.3,4.65,3.16,2.49,10.05,15.29,2.37,33.4,23.29,2.8,1.6,45,42,MN119,no,empty,0,Shrubs,6,2.26,0,42,MN119,no,empty,0,Shrubs,1261.0625,2295,181.9894,9.8478,373900,296.496,32.5509,0.5495,30.4543,0.0625,1.2354,4.4614,1.0422,1.2027,1388.0797,664.3208,0.2916,0.7132,0.1206,0.5672,1.5635,24.4613,72.6491,31.6834,58.48,69.6686,91.5047,0.9759,30.4543,41.4084,8,0.6344,1.701,0.7747,0.818,0.8854,59.518
43,43,MN112,Quercus,5.1,yes,no,empty,0,Soil,5.71,5.71,1610.19,234.44,368.51,260.81,638.48,0,142.31,2786.34,0.92,3.92,3.11,2.09,4.26,17.92,1.98,42.36,23.43,1.5,0.89,18.4,43,MN112,no,empty,0,Soil,3,5.52,0,43,MN112,no,empty,0,Soil,1427.75,2436,170.6181,16.385,439075,307.5293,30.236,0.5861,63.3159,0.0625,1.1995,6.3857,1.0366,1.2311,1395.6307,628.3663,0.2699,0.6867,0.114,0.5905,1.5514,42.0129,77.732,37.1242,60.7271,67.8447,94.5435,0.9557,63.3159,22.5496,9,0.6304,1.5882,0.7303,0.7228,0.8216,61.6886
44,44,MN110,Salix,2.9,yes,no,empty,0,Steppe,231.48,231.48,1454.26,234.44,498.48,28.24,502.18,63.74,67.55,3006.83,1.39,3.82,3.07,2.22,5.54,17.06,2.04,40.86,24,2.8,1.6,135,44,MN110,no,empty,0,Steppe,7,4.11,0,44,MN110,no,empty,0,Steppe,1483.375,2533,170.7592,15.2271,462700,311.9238,31.165,0.5856,61.3396,0.0625,1.2138,6.2618,1.0391,1.2302,1393.2369,636.5214,0.2832,0.6995,0.1159,0.5851,1.5589,36.6658,77.3379,36.0803,60.2174,67.9862,94.3298,0.9586,61.3396,24.183,9,0.6067,1.6264,0.74,0.7402,0.8325,61.1786
45,45,MN127,Ulmus,6.5,unknown,no,empty,0,Wetland,163.13,163.13,202.24,347.16,69.99,374.26,65.7,17.08,99.08,5186.53,6.66,5.4,2.82,3.06,8.75,13.2,2.22,32.96,24.93,5.4,3.13,354.8,45,MN127,no,empty,0,Wetland,4,2.46,0.31,45,MN127,no,empty,0,Wetland,1571.75,3188,202.8312,10.8637,534575,340.1145,34.794,0.493,36.6111,0.0625,1.2187,4.8267,1.0405,1.2052,1393.8922,692.0948,0.2893,0.7192,0.1168,0.5498,1.5651,27.4833,73.5898,28.9413,56.7441,76.4036,91.7448,0.9767,36.6111,42.931,9,0.5726,1.817,0.793,0.827,0.8922,57.6849
46,46,MN126,Betula,7.5,yes,no,empty,0,Forest,459.85,459.85,138.15,347.16,16.47,27.41,16.78,29.43,407.08,4861.25,6.54,5.3,2.84,2.98,8.83,12.76,2.02,32.88,25.84,6.6,3.8,26.5,46,MN126,no,empty,0,Forest,4,2.26,0,46,MN126,no,empty,0,Forest,1636.75,3363,205.4682,5.304,558650,341.3166,35.6451,0.4867,22.7268,0.0625,1.2207,4.0184,1.0409,1.1941,1391.6117,694.1194,0.2885,0.7016,0.1181,0.548,1.5608,16.0926,72.569,28.964,56.6175,75.8517,89.9466,0.9861,22.7268,72.0185,9,0.5499,1.8184,0.7939,0.8276,0.8931,57.5432
47,47,MN80,dead,5,no,no,empty,0,Reed,9.21,9.21,10.5,1053.39,340.55,391.81,200.92,616.43,7.34,1344.98,0.15,4.74,3.9,1.69,9.21,14.38,3.14,44.72,18.06,10.2,5.82,330.9,47,MN80,no,empty,0,Reed,3,41.87,0,47,MN80,no,empty,0,Reed,1686.25,2598,154.0697,21.7902,459825,272.6909,29.0897,0.6491,113.1863,0.0625,1.1916,6.6143,1.0354,1.2307,1396.147,556.4715,0.2658,0.7013,0.1124,0.6358,1.5509,51.5084,75.8064,38.2758,65.2205,69.1472,95.3715,0.9329,113.1863,14.898,9,0.5337,1.6292,0.734,0.7415,0.8258,66.1782
48,48,MN156,Salix,4.7,yes,no,empty,0,Willowshrubs,1150.94,1150.94,987.86,902.6,359.71,482.11,366.6,17.4,1009.73,5195.84,5.43,4.99,2.53,2.93,5.37,11.89,1.57,36.52,28.77,2.5,1.44,281.3,48,MN156,no,empty,0,Willowshrubs,8,2.6,0.12,48,MN156,no,empty,0,Willowshrubs,1958.875,3728,190.3133,12.1658,657700,335.7539,38.1803,0.5254,50.7317,0.0625,1.2157,5.8203,1.039,1.2227,1399.2981,681.7178,0.2772,0.7253,0.1135,0.5568,1.5646,38.2516,73.7369,32.1685,57.3926,72.3226,93.2899,0.9741,50.7317,38.6124,9,0.4594,1.7121,0.7613,0.7792,0.8565,58.2146
49,49,MN32,dead,8.1,unknown,no,empty,0,Forest,534.38,534.38,542,1053.39,216.03,104.31,657.2,877.45,27.33,1931.86,0.05,4.01,3.62,1.66,7.79,12.21,2.74,46.56,21.35,4.4,2.53,333.4,49,MN32,no,empty,0,Forest,1,45.53,0,49,MN32,no,empty,0,Forest,1637.9375,2164,132.1174,21.1127,424900,259.4116,27.3302,0.7569,117.7274,0.0625,1.2051,7.1007,1.0377,1.2424,1388.6816,529.7211,0.2777,0.7,0.117,0.6532,1.5553,63.333,77.507,41.3658,66.8924,64.5332,95.9674,0.9281,117.7274,13.913,9,0.5495,1.5571,0.7118,0.7087,0.8008,67.8639
50,50,MN142,Salix,2.6,no,no,empty,0,Willowshrubs,2043.56,2043.56,1317.62,2479.74,21.46,431.6,141.9,18.62,13.67,7742.57,4.69,4.39,2.61,2.31,9.58,13.45,2.57,36.17,24.23,1.5,0.89,251.5,50,MN142,no,empty,0,Willowshrubs,4,11.67,7.9,50,MN142,no,empty,0,Willowshrubs,1639.4375,2985,182.0746,8.8292,518650,316.3585,33.1914,0.5492,37.5521,0.0625,1.2103,5.1008,1.0382,1.2139,1408.9909,644.3369,0.2718,0.7152,0.1088,0.5811,1.5584,26.8039,76.9965,32.1712,59.7289,73.7903,92.7924,0.9771,37.5521,43.6577,9,0.549,1.7577,0.7757,0.8,0.8727,60.6737
51,51,MN03,Prunus,6.6,unknown,no,empty,0,Wetland,106.23,211.04,1070.77,14.1,94,57.08,98.35,8.13,9.72,3747.85,3.95,5.32,2.89,1.8,4.4,5.98,1.07,52.31,21.02,1.5,0.89,341.5,51,MN03,no,empty,0,Wetland,0,44.36,0,51,MN03,no,empty,0,Wetland,1660.4375,2137,128.701,29.1038,392425,236.3383,29.8788,0.777,172.7898,0.0625,1.1954,8.7917,1.0356,1.2604,1402.8658,529.6496,0.2623,0.697,0.1093,0.6525,1.5505,103.3796,77.7998,45.4441,66.8969,57.4948,96.8505,0.8959,172.7898,9.6096,8,0.4818,1.3566,0.6355,0.6524,0.7263,67.7947
52,52,MN02,Prunus,6.2,yes,no,empty,0,Forest,105.79,206.03,1063.21,14.1,79.99,50.23,85.24,5.03,11.92,3754.26,3.97,5.32,2.88,1.8,4.35,5.97,1.07,51.33,23.26,1.9,1.13,0,52,MN02,no,empty,0,Forest,0,44.32,0,52,MN02,no,empty,0,Forest,1663.8125,2114,127.0576,21.1224,399375,240.0361,30.1086,0.787,117.4707,0.0625,1.2061,7.5331,1.0369,1.2542,1393.1191,535.9077,0.2747,0.685,0.1137,0.6489,1.5547,82.7842,75.1967,45.2429,66.5058,57.5795,96.1724,0.9294,117.4707,14.1636,8,0.4808,1.3563,0.6346,0.6523,0.7253,67.3976
53,53,MN29,Populus,9.5,unknown,no,empty,0,Forest,237.58,289.41,908.81,235.48,7.49,129.34,30.85,5.08,45.53,3912.12,4.43,5.37,2.84,1.81,3.52,5.96,0.88,52.05,23.15,5.9,3.42,335.5,53,MN29,no,empty,0,Forest,2,43.91,0,53,MN29,no,empty,0,Forest,1831.6875,2551,139.2705,28.8361,504000,275.1561,30.4985,0.718,192.7011,0.0625,1.1962,9.4092,1.036,1.2617,1389.1672,560.7125,0.2738,0.6682,0.1155,0.6326,1.5513,112.3687,79.5115,42.3427,64.9555,64.4032,96.8625,0.8948,192.7011,9.5053,9,0.4914,1.4769,0.6648,0.6722,0.748,65.8341
54,54,MN14,Quercus,8.4,no,no,empty,0,Forest,171.88,171.88,241.27,311.2,108,86.87,100.22,67.65,107.02,4984.2,7.85,5.55,2.74,1.67,3.25,4.81,0.8,52.31,21.01,2.1,1.2,315,54,MN14,no,empty,0,Forest,2,51.59,0,54,MN14,no,empty,0,Forest,1840.1875,2633,143.0832,41.4054,521775,283.5445,31.4462,0.6989,327.2389,0.0625,1.1951,12.4543,1.0364,1.2749,1386.0704,577.4683,0.2743,0.6349,0.1175,0.6213,1.5404,188.9282,76.4824,41.1839,63.9082,67.5318,97.683,0.8222,327.2389,5.6234,9,0.4891,1.4886,0.6684,0.6775,0.752,64.7527
55,55,MN18,dead,8.4,no,no,empty,0,Forest,188.18,36.7,286.06,311.2,139.87,63.02,136.04,67.99,96.73,5206.04,9.97,5.63,2.36,1.64,3.1,4.77,0.76,51.87,19.91,3.5,2.04,303.6,55,MN18,no,empty,0,Forest,3,52.82,0,55,MN18,no,empty,0,Forest,1914.6875,2709,141.4852,30.8667,548400,286.4175,32.3647,0.7068,203.8854,0.0625,1.203,10.1099,1.0375,1.2672,1389.7245,583.0717,0.2782,0.6805,0.1167,0.6182,1.5477,111.6066,77.6094,40.6861,63.558,67.7901,96.9712,0.8935,203.8854,9.391,9,0.4701,1.5032,0.6756,0.6841,0.76,64.3816
56,56,MN143,Salix,3,no,no,empty,0,Wetland,1305.65,1305.65,1267.81,6.54,450.78,2.52,447.51,676.22,9.59,8850.96,1.34,3.27,2.74,2.23,1.56,11.35,3.03,52.88,21.6,3.5,2.04,56.3,56,MN143,no,empty,0,Wetland,3,20.14,3.98,56,MN143,no,empty,0,Wetland,1961.75,3382,172.3971,44.9089,592650,302.1027,34.5155,0.5801,403.3862,0.0625,1.1724,14.5056,1.034,1.2786,1414.3554,614.4004,0.2564,0.6,0.104,0.5999,1.5451,184.179,77.835,41.7759,61.6,66.5686,97.9177,0.7944,403.3862,4.8632,9,0.4588,1.434,0.6552,0.6526,0.7371,62.3569
57,57,MN144,Salix,5,no,no,empty,0,Shrubs,1301.55,1301.55,1271.19,6.54,448.8,8.85,453.93,677.06,3.33,8850.01,1.33,3.27,2.73,2.23,1.55,11.34,3.03,52.91,21.61,3.5,2.04,56.3,57,MN144,no,empty,0,Shrubs,3,20.09,3.98,57,MN144,no,empty,0,Shrubs,1961.75,3374,171.9893,43.8671,589050,300.2676,34.3127,0.5814,384.6702,0.0625,1.1708,13.9675,1.0336,1.2753,1417.1503,610.7302,0.2559,0.6074,0.102,0.6014,1.5436,161.7535,78.9079,41.6617,61.8294,67.1342,97.8306,0.8039,384.6702,5.0998,9,0.4588,1.4396,0.6576,0.6552,0.7398,62.5882
58,58,MN145,Salix,4,yes,no,empty,0,Willowshrubs,1256.65,1256.65,1330.71,90.99,471.46,18.63,448.06,586.73,7.12,8940.98,1.34,3.24,2.82,2.22,1.5,11.58,3.07,52.71,21.52,1.9,1.13,0,58,MN145,no,empty,0,Willowshrubs,3,20.55,3.98,58,MN145,no,empty,0,Willowshrubs,1961.75,3389,172.7539,47.0275,595050,303.3261,34.6507,0.5789,439.6906,0.0625,1.1737,15.1756,1.0341,1.2815,1411.811,616.8472,0.2574,0.5878,0.1051,0.5975,1.5425,198.4322,79.2617,41.304,61.447,66.9847,98.0188,0.7759,439.6906,4.4617,9,0.4588,1.4466,0.6607,0.6584,0.7433,62.2051
59,59,MN146,dead,4.3,no,no,empty,0,Wetland,1279.84,1279.84,1460.19,322.04,397.26,26.26,439.38,392.01,148.43,9203.4,1.72,3.12,3.05,2.08,1.74,12.53,3.45,51.67,20.63,1.5,0.89,108.4,59,MN146,no,empty,0,Wetland,6,23.75,3.98,59,MN146,no,empty,0,Wetland,1948.125,3402,174.6295,45.6593,597500,306.7052,34.887,0.5726,413.3262,0.0625,1.1741,14.7701,1.0345,1.2804,1412.9668,623.6766,0.2595,0.6006,0.1043,0.5927,1.5502,170.6369,78.0821,40.156,61.0202,68.4837,97.9269,0.7878,413.3262,4.7133,9,0.462,1.4786,0.6698,0.6729,0.7535,61.787
60,60,MN147,Salix,7.5,no,no,empty,0,Wetland,812.14,812.14,2116.8,623.14,601.78,187.12,667.73,65.97,11.84,9762.37,1.63,3.38,3.08,2.58,0.79,12.45,4.19,51.87,20.02,2.1,1.2,45,60,MN147,no,empty,0,Wetland,5,21.35,3.79,60,MN147,no,empty,0,Wetland,1961.625,3515,179.1882,44.0642,614225,313.1205,35.731,0.5581,385.303,0.0625,1.1866,13.6812,1.0364,1.2727,1411.5055,636.4366,0.2649,0.6138,0.1067,0.5851,1.5513,155.9833,76.3067,40.0552,60.2227,69.1152,97.6616,0.8036,385.303,5.0911,9,0.4588,1.4684,0.667,0.6683,0.7504,60.9596
61,61,MN94,Salix,3.6,no,no,empty,0,Wetland,17.02,493.93,570.23,1828.72,131.21,66.28,29.89,816.1,603.93,7157.65,14.19,4.15,1.22,1.66,16.41,4.02,0.26,43.64,14.45,4,2.33,345.9,61,MN94,no,empty,0,Wetland,3,44.71,0,61,MN94,no,empty,0,Wetland,1961.4375,2280,116.2413,20.7565,466225,237.6956,27.393,0.8603,190.8999,0.0625,1.1939,9.0031,1.036,1.2433,1397.6256,485.5877,0.2697,0.6947,0.1136,0.6824,1.5276,116.4979,82.3022,41.8717,69.6508,67.2975,97.2003,0.9027,190.8999,10.2747,9,0.4588,1.6138,0.7383,0.7345,0.8306,70.5574
62,62,MN149,Salix,6,yes,no,empty,0,Forest,501.59,501.59,2384.05,623.14,140.16,18.63,137.16,393,279.64,10151.49,1.25,3.33,2.71,2.8,0.68,11.99,4.3,54.28,18.66,2.1,1.2,225,62,MN149,no,empty,0,Forest,3,19.25,2.26,62,MN149,no,empty,0,Forest,1961.625,3486,177.7098,49.1015,606650,309.2589,35.3042,0.5627,476.211,0.0625,1.1823,15.2236,1.0352,1.2825,1409.8596,628.7134,0.2607,0.5784,0.1057,0.5898,1.5626,159.4495,75.7848,41.3495,60.7054,68.448,97.9853,0.7572,476.211,4.1192,9,0.4588,1.4328,0.6511,0.6521,0.7325,61.4287
63,63,MN52,Crataegus,2.9,yes,no,empty,0,Wetland,125.2,125.2,318.94,86.86,179.79,1575.52,250.11,19.91,2396.94,9996.22,1.35,2.5,1.4,2.14,5.33,6.83,2.37,60.89,17.2,5.6,3.23,37.8,63,MN52,no,empty,0,Wetland,7,5.73,5.51,63,MN52,no,empty,0,Wetland,1961.8125,2634,134.2636,52.6872,473000,241.1036,27.7746,0.7448,555.7981,0.0625,1.1684,13.2979,1.0332,1.2768,1407.1515,492.4018,0.2573,0.5511,0.1061,0.6773,1.5326,130.4474,84.1794,49.089,69.2249,62.4555,98.2518,0.7167,555.7981,3.5297,9,0.4588,1.3262,0.5907,0.6036,0.6645,70.0499
64,64,MN51,Betula,3.3,yes,no,empty,0,Forest,49.14,49.14,232.87,86.86,199.11,1660.5,299.07,22.24,2460.64,10043.55,1.17,2.46,1.41,2.13,5.33,6.89,2.48,61.05,17.09,5.9,3.42,155.5,64,MN51,no,empty,0,Forest,6,5.71,5.9,64,MN51,no,empty,0,Forest,1961.75,2650,135.0835,54.5527,471200,240.1937,27.6732,0.7403,595.0356,0.0625,1.1672,13.9376,1.0335,1.2802,1414.5029,490.5824,0.2537,0.5346,0.1039,0.6791,1.5309,138.9405,81.4566,49.3454,69.3386,62.1794,98.3617,0.6967,595.0356,3.2969,9,0.4588,1.3204,0.5888,0.6009,0.6624,70.1607
65,65,MN86,Salix,2.7,no,no,empty,0,Willowshrubs,717.48,587.43,863.2,349.07,269.82,1333.87,310.38,14.32,1795.72,9520.89,6.48,1.95,1.17,1.52,7.95,4.81,2.68,58.8,14.65,3.9,2.26,180,65,MN86,no,empty,0,Willowshrubs,5,11.14,8.46,65,MN86,no,empty,0,Willowshrubs,1961.5,2240,114.1983,55.42,421200,214.7336,24.8563,0.8757,617.3882,0.0625,1.1693,13.5519,1.0338,1.2797,1412.2797,439.6635,0.2575,0.5321,0.1052,0.712,1.5246,171.3539,85.2878,48.8738,72.521,63.2473,98.5338,0.6852,617.3882,3.1771,9,0.4588,1.41,0.6189,0.6417,0.6963,73.4236
66,66,MN53,dead,6.2,yes,no,empty,0,Wetland,236.38,236.38,296.91,304.76,486.95,1658.78,588.29,137.49,2407.79,10334.19,0.42,2.47,1.47,2.3,5.03,8.19,2.78,60.31,17.02,2.1,1.2,225,66,MN53,no,empty,0,Wetland,7,6.99,5.78,66,MN53,no,empty,0,Wetland,1961.75,2708,138.04,51.3445,478750,244.0423,28.0986,0.7244,529.957,0.0625,1.1718,12.8157,1.0344,1.2733,1405.5003,498.2796,0.2621,0.5556,0.1084,0.6736,1.5305,133.0417,81.7396,49.0073,68.8575,62.079,98.1302,0.7299,529.957,3.7017,9,0.4588,1.3235,0.5958,0.6023,0.6702,69.6674
67,67,MN89,Salix,3,yes,no,empty,0,Forest,375.97,16.73,278.77,398.01,11.12,1916.79,3.21,411.57,2385.37,9958.18,2.5,2.33,1.32,1.75,5.34,5.62,3.3,61.71,16.12,0,0,-1,67,MN89,no,empty,0,Forest,10,5.31,7.35,67,MN89,no,empty,0,Forest,1961.75,2457,125.2453,59.682,437425,222.9769,25.7704,0.7984,706.7383,0.0625,1.1623,14.4956,1.0326,1.282,1410.1422,456.1488,0.2526,0.4905,0.1043,0.7002,1.5281,186.3288,83.0014,50.2111,71.4907,61.8047,98.5949,0.6397,706.7383,2.7758,9,0.4588,1.3359,0.5857,0.608,0.6589,72.3603
68,68,MN38,Salix,4.1,yes,no,empty,0,Forest,1817.01,361.7,1550.76,1828.72,261.34,418.29,158.38,4.59,53.1,8801.44,7.38,1.38,0.93,1.04,33.13,4.04,0.89,39.93,11.27,6.4,3.69,237.5,68,MN38,no,empty,0,Forest,4,43.92,6.98,68,MN38,no,empty,0,Forest,1957.8125,1722,87.9553,29.411,319200,163.0391,19.1638,1.1369,339.8305,0.0625,1.1712,6.6122,1.0329,1.2037,1402.9307,336.2937,0.2545,0.6168,0.1097,0.7783,1.4997,85.1556,88.3881,50.3327,78.9816,68.6947,97.3829,0.8264,339.8305,5.7611,9,0.4597,1.4947,0.7112,0.6803,0.8002,79.9454
69,69,MN87,dead,2.7,yes,no,empty,0,Soil,769.77,462,669.58,349.07,110.46,1626.91,107.92,0,1964.87,9865.87,4.08,1.98,1.18,1.5,7.47,4.96,3.14,60.52,15.17,5.6,3.2,315,69,MN87,no,empty,0,Soil,9,7.77,9.44,69,MN87,no,empty,0,Soil,1961.6875,2246,114.4933,57.1415,412275,210.1634,24.3535,0.8734,652.1252,0.0625,1.1676,13.2506,1.034,1.276,1413.6018,430.5222,0.2571,0.517,0.1052,0.7178,1.5193,178.6623,86.4884,50.2164,73.0924,61.8956,98.5303,0.6676,652.1252,3.0081,9,0.4588,1.3718,0.6025,0.6243,0.6778,73.9919
70,70,MN42,Betula,6.9,yes,no,empty,0,Forest,295.27,295.27,122.29,398.01,190.01,2119.82,269.37,431.56,2712.46,10344.71,0.21,2.38,1.4,2.04,5.33,6.82,3.65,61.82,16.35,3.5,2.04,123.6,70,MN42,no,empty,0,Forest,8,4.55,7.35,70,MN42,no,empty,0,Forest,1961.8125,2550,129.9818,59.6706,451675,230.2335,26.5732,0.7693,706.0918,0.0625,1.1612,14.7397,1.0326,1.2841,1410.5562,470.6617,0.2513,0.4863,0.1047,0.6915,1.5295,192.9757,84.9547,50.8701,70.5836,60.8366,98.566,0.6401,706.0918,2.7784,9,0.4588,1.2908,0.5801,0.5875,0.6526,71.4014
71,71,MN167,Quercus,9.1,yes,no,empty,0,Forest,672.93,38.65,183.44,1.63,515.74,1639.61,511.25,810.99,1942.18,10675.1,0.14,1.1,0.83,0.86,23.93,4.8,2.87,53.26,12.22,5.3,3.05,291.8,71,MN167,no,empty,0,Forest,9,15.63,18.12,71,MN167,no,empty,0,Forest,1932.3125,1794,92.8421,50.5094,327525,169.499,19.7457,1.0771,546.2287,0.0625,1.155,10.5296,1.0314,1.2432,1419.4353,349.3483,0.2432,0.5574,0.1012,0.7712,1.5013,152.1905,89.5383,54.7243,78.1657,59.2313,98.4909,0.7173,546.2287,3.5376,9,0.4658,1.3252,0.6423,0.6031,0.7225,79.0591
72,72,MN168,Quercus,10.2,yes,no,empty,0,Forest,671.56,37.35,184.55,1.63,516.92,1638.54,512.64,810.42,1942.66,10675.84,0.13,1.1,0.83,0.86,23.94,4.8,2.87,53.25,12.22,5.3,3.05,291.8,72,MN168,no,empty,0,Forest,9,15.63,18.12,72,MN168,no,empty,0,Forest,1910.1875,1574,82.4003,51.4838,297950,155.9795,19.7714,1.2136,559.9203,0.0625,1.1725,10.6972,1.0341,1.2459,1408.6869,337.1135,0.2603,0.5571,0.1079,0.7789,1.5032,165.6485,86.9446,54.667,78.9304,56.3377,98.5986,0.7069,559.9203,3.4115,8,0.4188,1.2768,0.6333,0.614,0.7238,79.8214
73,73,MN174,Salix,2.4,yes,no,empty,0,Wetland,1231.89,1231.89,816.21,741.4,178.64,1118.39,177.65,669.24,1229.9,11973.4,0.03,1.69,1.36,0.76,10.41,6.04,4.02,63.93,11.75,2.2,1.26,206.5,73,MN174,no,empty,0,Wetland,7,4.55,18.94,73,MN174,no,empty,0,Wetland,1961.625,2273,115.8733,59.5934,389725,198.6746,23.0831,0.863,715.9542,0.0625,1.1526,12.97,1.0312,1.2763,1429.5741,407.5448,0.2397,0.5063,0.0953,0.7345,1.5291,110.9197,91.062,54.3151,74.5285,61.5562,98.599,0.635,715.9542,2.7399,9,0.4588,1.2412,0.5615,0.5649,0.6317,75.3435
74,74,MN162,dead,3.3,no,no,empty,0,Forest,553.4,553.4,196.42,741.4,148.54,668.81,533.07,6.34,970.89,11711.83,0,1.18,0.96,0.72,16.71,5.23,3.34,60.77,11.09,0.7,0.4,135,74,MN162,no,empty,0,Forest,8,7.18,18.42,74,MN162,no,empty,0,Forest,1849.5,1875,101.3788,58.8706,327750,177.2101,20.1594,0.9864,667.0777,0.0625,1.1555,11.4889,1.0322,1.2637,1421.3629,365.2338,0.2485,0.5308,0.1,0.7613,1.5136,133.8567,91.174,53.2853,77.1729,64.5371,98.5899,0.6393,667.0777,2.7725,8,0.4325,1.2477,0.5878,0.6,0.6717,78.0334
75,75,MN177,Salix,3.5,yes,no,empty,0,Soil,1229.82,1229.82,561.96,401.4,141.29,352.68,499.94,0,298.65,12462.02,0.01,1.59,1.37,1.14,12.46,6.19,3.87,61.05,12.32,0,0,-1,75,MN177,no,empty,0,Soil,7,5.42,22.97,75,MN177,no,empty,0,Soil,1751,1968,112.3929,52.3915,349100,199.3718,22.0299,0.8897,514.7507,0.0625,1.1663,10.815,1.0337,1.2645,1412.2595,410.1085,0.2625,0.599,0.104,0.7319,1.5357,88.0594,88.5812,52.7253,74.3682,62.2867,98.2278,0.706,514.7507,3.4016,9,0.514,1.2961,0.5915,0.5899,0.6654,75.2589
76,76,MN175,Salix,2.9,yes,no,empty,0,Forest,1413.74,1413.74,870.58,23.36,48.64,752.2,99.97,206.45,614.4,12638.08,0.04,1.68,1.52,1.17,11.79,7.26,3.81,59.87,12.87,3.5,2,261.8,76,MN175,no,empty,0,Forest,8,5.46,25.16,76,MN175,no,empty,0,Forest,1853.625,2232,120.4127,49.0188,394175,212.6509,24.0101,0.8305,485.2409,0.0625,1.1715,11.1916,1.0338,1.2664,1422.0654,436.0914,0.2501,0.6029,0.1003,0.7152,1.5411,95.1592,84.1614,51.1099,72.7443,62.6723,98.1478,0.7382,485.2409,3.82,9,0.4855,1.3266,0.6045,0.6038,0.68,73.6023
77,77,MN176,Salix,2.5,yes,no,empty,0,Wetland,1398.19,1398.19,891.43,23.36,50.72,766.27,85.63,196.97,618.16,12661.31,0.04,1.68,1.53,1.17,11.8,7.36,3.83,59.69,12.9,3.5,2,278.1,77,MN176,no,empty,0,Wetland,8,5.49,25.38,77,MN176,no,empty,0,Wetland,1852.25,2228,120.2861,48.7785,393175,212.2689,23.9522,0.8314,481.2463,0.0625,1.1633,11.2487,1.0323,1.2671,1415.8007,435.3354,0.2483,0.5997,0.1023,0.7156,1.5344,91.1625,85.801,51.2277,72.7915,61.9182,98.1625,0.7402,481.2463,3.8489,9,0.4859,1.3253,0.6038,0.6032,0.6793,73.6539
78,78,MN178,Salix,2.2,no,no,empty,0,Forest,752.38,752.38,1089.79,352.28,191.84,656.08,336.84,4.42,3.59,12971.08,0,1.5,1.43,1.15,14.31,6.94,5.04,57.06,12.57,3.9,2.26,270,78,MN178,no,empty,0,Forest,3,5.67,21.09,78,MN178,no,empty,0,Forest,1526.9375,1710,111.9889,44.6154,306125,200.483,20.7907,0.8929,351.4376,0.0625,1.1638,9.3909,1.0321,1.2536,1416.165,413.5729,0.2458,0.6512,0.1019,0.7288,1.5206,78.8823,89.0564,50.7822,74.1517,62.4622,97.8826,0.7698,351.4376,4.3448,9,0.5894,1.3677,0.6297,0.6224,0.7084,75.137
79,79,MN179,Salix,3.9,yes,no,empty,0,Reed,400.37,400.37,1441,352.28,89,997.1,11.15,5.64,11.88,13306.73,0.01,1.53,1.55,1.27,15.8,7.19,5.49,54.63,12.54,1.5,0.89,341.5,79,MN179,no,empty,0,Reed,3,5.66,18.98,79,MN179,no,empty,0,Reed,1381.6875,1584,114.6424,39.7702,283000,204.822,20.2248,0.8723,273.0152,0.0625,1.175,8.3788,1.0341,1.2449,1416.2374,422.9249,0.2541,0.6741,0.103,0.723,1.5318,73.9729,87.5186,46.3074,73.5672,68.7539,97.5207,0.8024,273.0152,5.0608,8,0.579,1.4181,0.654,0.682,0.7474,74.6132
80,80,MN132,Salix,5.4,yes,LO,other,0,Wetland,1362.57,1362.57,132.42,1356.51,233.5,477.03,305.66,294.61,1348.87,2526.71,0.68,3.27,2.66,1.85,2.4,13.39,1.1,49.41,25.25,5.4,3.13,84.8,80,MN132,LO,other,0,Wetland,4,23.83,0,80,MN132,LO,other,0,Wetland,1856.6875,2276,122.5839,39.6573,467625,251.8598,32.2797,0.8158,308.209,0.0625,1.2098,12.0411,1.0377,1.2842,1397.879,551.7622,0.2763,0.6634,0.1134,0.64,1.5631,185.4837,78.0356,45.4219,65.5149,54.8172,97.7239,0.834,308.209,6.0241,8,0.4309,1.3229,0.651,0.6362,0.744,66.3353
81,81,MN07,Quercus,9,yes,LO,other,0,Forest,7.31,7.31,1150.43,213.17,140.74,251.93,165.27,23.71,0.35,3608.19,3.24,5.23,2.78,1.79,4.48,6.11,1.17,51.62,23.57,1.5,0.89,18.4,81,MN07,LO,other,0,Forest,1,42.97,0,81,MN07,LO,other,0,Forest,1797.5625,2422,134.738,27.7111,483975,269.2396,29.5779,0.7422,166.4268,0.0625,1.1957,8.5792,1.0358,1.2552,1380.7822,548.9656,0.2775,0.6936,0.1191,0.6395,1.5473,96.4076,79.1899,42.853,65.6896,63.0679,96.5966,0.9074,166.4268,10.8009,9,0.5007,1.4794,0.666,0.6733,0.7493,66.596
82,82,MN06,Populus,22.3,unknown,LO,other,0,Reed,37.1,37.1,619.51,289.41,12.86,156.59,14.21,16.53,40.68,4199.87,5.32,5.54,2.81,1.82,2.73,5.7,0.77,52.44,22.87,7.8,4.47,251.5,82,MN06,LO,other,0,Reed,1,45.24,0,82,MN06,LO,other,0,Reed,1849.0625,2639,142.721,23.2483,518925,280.6422,31.1928,0.7007,156.6971,0.0625,1.1938,9.0142,1.0356,1.2633,1396.0851,571.641,0.2679,0.6866,0.1122,0.6252,1.5476,90.2087,77.8892,41.9444,64.2724,65.7111,96.6174,0.9153,156.6971,11.8002,9,0.4867,1.4704,0.6638,0.6692,0.7468,65.1231
83,83,MN137,Quercus,8.4,no,LO,other,0,Forest,1923.62,1923.62,136.16,2707.55,46.86,179.75,180.73,1196.97,1561.28,6195.86,7.59,5.05,1.47,2.73,1.18,5.59,1.18,48.92,26.29,6.3,3.63,308.6,83,MN137,LO,other,0,Forest,7,11.43,0.59,83,MN137,LO,other,0,Forest,1961.4375,2904,148.0547,44.0461,598950,305.3628,34.8704,0.6754,390.6661,0.0625,1.1964,15.5553,1.0359,1.2973,1417.0656,620.9222,0.2585,0.6235,0.1043,0.5972,1.5674,242.4266,80.5877,41.1365,61.1924,63.2374,98.0729,0.8008,390.6661,5.0208,9,0.4588,1.475,0.6791,0.6713,0.764,61.976
84,84,MN10,Populus,15,unknown,LO,other,0,Forest,309.6,309.6,56.68,184.82,33.52,135.41,19.1,7.62,24.97,4856.67,7.4,5.59,2.75,1.68,2.33,5.12,0.78,52.91,21.43,5.4,3.13,275.1,84,MN10,LO,other,0,Forest,2,49.9,0,84,MN10,LO,other,0,Forest,1869.9375,2659,142.1973,47.4916,534000,285.571,31.9827,0.7032,426.6605,0.0625,1.1977,14.3923,1.0374,1.284,1383.2892,581.4633,0.2796,0.5992,0.1198,0.6181,1.5344,240.8516,77.6974,41.4277,63.6585,67.5835,98.0532,0.7718,426.6605,4.3827,9,0.4813,1.4713,0.6639,0.6696,0.7468,64.4794
85,85,MN19,Prunus,9.5,no,H,other,0,Forest,199.07,199.07,251.18,36.7,125.17,98.32,144.85,37.75,97.44,5174.21,9.77,5.64,2.37,1.64,2.88,4.79,0.75,52.12,20.04,7.1,4.08,326.3,85,MN19,H,other,0,Forest,3,52.38,0,85,MN19,H,other,0,Forest,1916.75,2699,140.8113,42.6764,541900,282.7181,31.9943,0.7102,360.4954,0.0625,1.1996,12.9343,1.0375,1.2797,1385.5021,575.6619,0.2813,0.6262,0.1176,0.6223,1.5491,197.8964,76.7168,41.1654,64.0211,68.139,97.7869,0.8119,360.4954,5.317,9,0.4695,1.4911,0.6702,0.6786,0.754,64.8443
86,86,MN85,dead,3,unknown,B,other,0,Willowshrubs,1041.11,1224.43,1478.97,1034.61,197.02,502.34,197.76,210.69,1027.62,7128.22,13.29,3.18,1.28,1.28,26.4,3.83,0.21,36.83,13.69,5.3,3.05,111.8,86,MN85,B,other,0,Willowshrubs,4,59.1,0,86,MN85,B,other,0,Willowshrubs,1866.1875,1987,106.4738,24.0731,401950,215.3856,24.3555,0.9392,211.5416,0.0625,1.2042,6.6504,1.037,1.2153,1389.0117,441.1668,0.2758,0.7176,0.1168,0.7092,1.5291,82.081,79.0558,43.3301,72.4271,68.8551,96.444,0.8866,211.5416,8.8218,9,0.4823,1.6216,0.7562,0.738,0.8507,73.3744
87,87,MN92,Ulmus,3.1,no,B,other,0,Wetland,14.2,14.2,505.61,386.71,79.04,1612.08,80.12,186.22,2199.09,9704.42,4.26,2.42,1.35,1.89,5.33,5.61,2.17,60.36,16.63,1.9,1.13,180,87,MN92,B,other,0,Wetland,9,7.11,6.25,87,MN92,B,other,0,Wetland,1961.75,2488,126.8255,58.7135,458175,233.5542,26.9394,0.7885,685.2158,0.0625,1.1649,15.4075,1.033,1.2898,1409.9127,477.3034,0.258,0.5041,0.105,0.6877,1.5354,178.7709,82.4998,48.8355,70.1685,62.5231,98.6271,0.6507,685.2158,2.863,9,0.4588,1.3599,0.598,0.6189,0.6728,71.0243
88,88,MN36,Salix,2.3,yes,LO,other,0,Willowshrubs,1586.06,1338.29,1902.75,361.7,151.43,408.55,155,28.61,274.95,8460.1,9.33,1.56,0.94,1.06,33.95,3.84,0.55,38.16,10.6,3.1,1.79,108.4,88,MN36,LO,other,0,Willowshrubs,5,49.75,3.02,88,MN36,LO,other,0,Willowshrubs,1937.875,1646,84.9384,28.5977,325375,167.903,19.5652,1.1773,316.2752,0.0625,1.1935,6.6013,1.0359,1.1998,1402.7597,346.1008,0.2634,0.619,0.1111,0.7725,1.5173,99.5038,85.5462,49.8172,78.3687,68.8154,97.2955,0.8368,316.2752,6.1272,9,0.4644,1.5018,0.7168,0.6835,0.8063,79.3223
89,89,MN90,Ulmus,4.3,yes,B,other,0,Forest,362.57,37.15,275.13,16.73,4.42,1924.23,5.98,426.56,2397.62,9956.89,2.49,2.34,1.32,1.77,5.34,5.64,3.28,61.68,16.14,2.8,1.65,329,89,MN90,B,other,0,Forest,9,5.32,7.28,89,MN90,B,other,0,Forest,1961.75,2469,125.857,58.8824,440725,224.6591,25.9563,0.7946,688.7303,0.0625,1.1623,14.4113,1.0326,1.2836,1423.297,459.5132,0.2465,0.4974,0.0998,0.6996,1.5286,163.2705,83.5255,50.3696,71.2804,61.3692,98.5677,0.6489,688.7303,2.8484,9,0.4588,1.3285,0.5835,0.6046,0.6564,72.1432
90,90,MN88,Ulmus,3.8,yes,B,other,0,Forest,392.32,37.15,285.1,20.43,13.28,1907.29,20.29,393.15,2370.04,9959.14,2.54,2.31,1.31,1.73,5.34,5.59,3.32,61.76,16.1,2.8,1.65,329,90,MN88,B,other,0,Forest,10,5.31,7.43,90,MN88,B,other,0,Forest,1961.75,2411,122.9005,59.7744,437250,222.8877,25.7606,0.8137,709.0987,0.0625,1.1648,14.7497,1.0337,1.2844,1411.8872,455.9704,0.2606,0.4889,0.1056,0.7018,1.5271,174.513,83.2402,50.4744,71.5018,61.3383,98.6282,0.6385,709.0987,2.7665,9,0.4588,1.3282,0.5836,0.6045,0.6565,72.3673
91,91,MN168,Quercus,9,yes,DJ,other,0,Forest,659.81,659.81,182.09,37.35,554.07,1636.47,549.78,822.09,1930.13,10669.16,0.14,1.09,0.82,0.84,24.45,4.79,2.82,52.83,12.21,1.9,1.13,90,91,MN168,DJ,other,0,Forest,9,16.11,18.12,91,MN168,DJ,other,0,Forest,1910.1875,1574,82.4003,51.4838,297950,155.9795,19.7714,1.2136,559.9203,0.0625,1.1725,10.6972,1.0341,1.2459,1408.6869,337.1135,0.2603,0.5571,0.1079,0.7789,1.5032,165.6485,86.9446,54.667,78.9304,56.3377,98.5986,0.7069,559.9203,3.4115,8,0.4188,1.2768,0.6333,0.614,0.7238,79.8214
92,92,MN117,Quercus,7.5,yes,M,other,0,Forest,0,835.61,258.45,367.69,12.12,93.62,123.74,109.22,117.72,4226.41,4.9,4.53,3.4,2.29,9.52,15.93,2.64,34.9,21.89,2.8,1.6,45,92,MN117,M,other,0,Forest,3,2.25,0,92,MN117,M,other,0,Forest,1154.625,2316,200.5846,8.6067,387775,335.845,29.7151,0.4985,26.1196,0.0625,1.2205,4.248,1.0407,1.197,1385.7552,685.8504,0.2929,0.6989,0.1201,0.5537,1.5613,18.0709,74.5409,29.91,57.1344,74.8034,90.7314,0.9774,26.1196,44.2054,9,0.7795,1.8002,0.7885,0.8193,0.8871,58.2368
93,93,MN111,Betula,6.2,yes,M,other,0,Soil,0,1621.74,1611.51,5.71,364.97,257.33,632.9,0,137.49,2787.45,0.92,3.91,3.1,2.09,4.27,17.92,1.98,42.37,23.45,1.5,0.89,161.5,93,MN111,M,other,0,Soil,3,5.52,0,93,MN111,M,other,0,Soil,1430.5,2441,170.6396,16.3099,440450,307.8993,30.3234,0.586,62.2439,0.0625,1.1996,6.287,1.0367,1.231,1388.8563,629.0458,0.2764,0.692,0.1169,0.5893,1.55,42.0647,78.0588,37.023,60.6846,67.8635,94.4494,0.9565,62.2439,22.9822,9,0.6292,1.5909,0.7316,0.724,0.8231,61.6476
94,94,MN66,Betula,6.7,yes,M,other,0,Shrubs,0,450.54,22.37,537.9,13.51,345.61,40.26,8.98,4.27,4895.97,6.23,5.41,3,2.74,10.56,13.82,2.34,31.97,23.93,2.8,1.65,30.9,94,MN66,M,other,0,Shrubs,2,2.26,0,94,MN66,M,other,0,Shrubs,1364.8125,2778,203.5444,8.7558,462375,338.7828,32.4307,0.4913,28.3495,0.0625,1.2245,4.2442,1.0412,1.1939,1389.3508,690.4611,0.2904,0.7121,0.1188,0.5507,1.561,20.2412,72.684,28.6886,56.8462,76.3198,90.595,0.9792,28.3495,48.1424,9,0.6594,1.8364,0.8007,0.8358,0.9007,57.8659
95,95,MN82,Tilia,6.8,yes,M,other,0,Forest,0,470.03,162.1,462.87,129.09,781.16,188.66,573.8,37.39,1153.37,0.45,5.02,3.89,1.69,8.78,15.37,3.11,43.82,17.87,2.8,1.6,315,95,MN82,M,other,0,Forest,3,37.36,0,95,MN82,M,other,0,Forest,1599.9375,2583,161.4438,22.3134,451375,282.1204,29.3672,0.6194,110.3705,0.0625,1.1977,6.7712,1.037,1.231,1403.6723,575.8037,0.2696,0.6949,0.11,0.6247,1.5569,47.2062,76.2732,37.0373,64.0123,70.7129,95.3354,0.931,110.3705,14.4961,9,0.5625,1.6462,0.739,0.7492,0.8314,64.9864
96,96,MN129,Quercus,7.1,yes,M,other,0,Forest,0,450.54,62.55,163.13,66.76,245.35,65.68,6.59,45.07,5230.44,6.93,5.44,2.83,2.88,9.09,13.49,2.33,32.53,24.48,3.5,2,81.8,96,MN129,M,other,0,Forest,4,2.43,0.33,96,MN129,M,other,0,Forest,1493.375,3109,208.1862,12.2583,514975,344.8397,34.4016,0.4803,36.7215,0.0625,1.22,4.7548,1.0408,1.2023,1395.7848,701.9001,0.2881,0.7117,0.1157,0.5439,1.5698,27.016,72.6662,28.341,56.1312,76.6078,91.5082,0.9754,36.7215,40.6676,9,0.6027,1.832,0.7981,0.8338,0.8978,57.0948
97,97,MN79,dead,6.6,yes,M,other,0,Reed,0,470.03,1.72,9.21,349.76,383.84,194.54,612.45,2.08,1341.49,0.14,4.73,3.91,1.69,9.22,14.37,3.15,44.75,18.04,2.1,1.2,45,97,MN79,M,other,0,Reed,3,41.93,0,97,MN79,M,other,0,Reed,1686.375,2545,150.9154,35.5904,456875,270.9214,28.9103,0.6626,232.8501,0.0625,1.1914,9.5277,1.0364,1.2519,1401.4542,552.9316,0.2688,0.6817,0.111,0.6388,1.5518,97.9477,76.9176,38.5067,65.4418,69.5083,96.98,0.8619,232.8501,7.2423,9,0.5337,1.621,0.7315,0.7378,0.8229,66.395
98,98,MN128,Salix,6.1,yes,M,other,0,Forest,0,911.93,971.69,890.14,164.61,17.17,95.77,47.12,25.52,6042.01,5.91,5.24,2.78,2.9,9.71,13.81,2.61,33.38,23.65,0.7,0.4,135,98,MN128,M,other,0,Forest,7,3.44,3.41,98,MN128,M,other,0,Forest,1615.375,3228,199.8298,14.4394,540500,334.5972,34.7671,0.5004,47.4712,0.0625,1.2165,5.0615,1.04,1.2038,1391.8452,681.1112,0.2839,0.7166,0.1171,0.5571,1.5627,32.3938,74.0789,29.0527,57.4306,76.6961,92.2777,0.9706,47.4712,34.0285,9,0.5571,1.8255,0.795,0.8308,0.8944,58.3758
99,99,MN25,Quercus,6.5,yes,M,other,0,Shrubs,0,1158.48,8.12,534.38,251.11,36.47,920.13,868.99,28.31,2449.71,0.65,3.38,3.59,1.6,7.23,10,2.1,50.07,21.38,2.2,1.26,333.4,99,MN25,M,other,0,Shrubs,2,44.24,0,99,MN25,M,other,0,Shrubs,1665.0625,2056,123.4788,23.8805,414450,248.9096,26.4526,0.8099,138.8918,0.0625,1.1999,7.5123,1.0363,1.2464,1390.8618,508.6596,0.273,0.6737,0.1148,0.6665,1.547,76.0688,79.9944,43.5131,68.2088,61.5238,96.3905,0.9166,138.8918,11.9882,9,0.5405,1.5151,0.687,0.6895,0.7729,69.2025
100,100,MN30,Populus,11.7,unknown,M,other,0,Forest,0,7.31,1156.37,206.03,137,244.64,158.16,21.47,1.3,3614.11,3.28,5.24,2.78,1.79,4.47,6.1,1.17,51.62,23.56,2.1,1.2,225,100,MN30,M,other,0,Forest,1,43.01,0,100,MN30,M,other,0,Forest,1797,2420,134.6689,21.9393,481175,267.7657,29.4132,0.7426,137.4196,0.0625,1.1972,7.9465,1.0358,1.253,1386.8784,546.0211,0.2755,0.677,0.1162,0.6411,1.5449,84.3103,79.3659,42.8097,65.8737,63.3359,96.3001,0.9235,137.4196,13.0767,9,0.5008,1.4839,0.6679,0.6754,0.7514,66.784
101,101,MN28,Populus,20.3,yes,M,other,0,Forest,0,37.1,604.78,307.97,18.61,180.13,30.55,50.95,73.48,4220.1,5.36,5.58,2.8,1.81,2.58,5.71,0.76,52.58,22.81,1.5,0.89,108.4,101,MN28,M,other,0,Forest,2,45.11,0,101,MN28,M,other,0,Forest,1859.75,2612,140.449,19.5288,514725,276.7711,30.9551,0.712,115.9278,0.0625,1.1979,7.5925,1.0362,1.2519,1387.5798,563.893,0.2757,0.6862,0.1159,0.6299,1.5486,66.052,77.7407,42.5789,64.7567,65.2226,95.9553,0.9377,115.9278,16.0423,9,0.4839,1.4565,0.6595,0.6629,0.7419,65.6073
102,102,MN12,Populus,12.5,yes,M,other,0,Willowshrubs,0,199.07,360.5,171.88,76.57,57.65,73.03,30.05,39.4,5151.14,9,5.59,2.56,1.67,3.76,4.74,0.78,51.72,20.18,1.5,0.89,288.4,102,MN12,M,other,0,Willowshrubs,2,53.11,0,102,MN12,M,other,0,Willowshrubs,1864.75,2618,140.3942,46.9265,522025,279.9437,31.2876,0.7123,416.6688,0.0625,1.1963,13.8467,1.0371,1.2811,1386.0762,570.2105,0.2829,0.6019,0.1173,0.6254,1.5417,209.0076,77.7832,40.9203,64.3618,68.3372,98.0049,0.7766,416.6688,4.4754,9,0.4826,1.5064,0.6748,0.6856,0.7592,65.2104
103,103,MN160,Salix,5,yes,M,other,0,Soil,0,888.8,966.58,807.27,322.24,32.26,21.47,0,12.52,4831.87,6.24,5.49,3.29,1.64,6.5,4.26,0.92,50.42,21.24,0.7,0.4,135,103,MN160,M,other,0,Soil,0,50.8,0,103,MN160,M,other,0,Soil,1523.0625,2202,144.5771,40.0755,415675,272.9205,27.6853,0.6917,254.4507,0.0625,1.1812,10.5898,1.0346,1.2604,1386.1693,557.3967,0.2705,0.6566,0.1165,0.6324,1.5269,141.1107,78.512,40.325,65.1627,69.2656,97.3507,0.8329,254.4507,5.9857,9,0.5909,1.5439,0.6869,0.7026,0.7727,66.1352
104,104,MN61,Populus,9.3,yes,M,other,0,Forest,0,465.68,455.63,1035.83,36.68,14.06,366.19,1078.29,4.03,6043.88,14.87,6.09,1.88,2.09,2.89,4.57,0.72,49.92,16.96,0.9,0.56,180,104,MN61,M,other,0,Forest,2,42.72,0,104,MN61,M,other,0,Forest,1961.4375,2814,143.4662,25.3354,560125,285.5686,32.6831,0.697,192.3069,0.0625,1.203,10.4594,1.0377,1.2665,1395.7395,581.3338,0.2748,0.6898,0.1149,0.6202,1.5445,125.1341,77.3846,39.9603,63.6666,67.9842,97.0984,0.902,192.3069,10.1995,9,0.4588,1.5365,0.6928,0.6993,0.7794,64.4961
105,105,MN64,Salix,4,unknown,M,other,0,Wetland,0,2418.47,2567.75,1639.92,219.76,151.53,124.39,22.26,0.43,10463.55,2.54,3.54,3.87,2.08,2.36,15.32,4.69,50.85,14.76,0.9,0.56,180,105,MN64,M,other,0,Wetland,2,26.49,3.38,105,MN64,M,other,0,Wetland,1391.75,2578,185.2344,31.4802,450125,323.4237,31.3127,0.5399,154.2035,0.0625,1.1903,9.4179,1.036,1.2544,1411.1045,659.7809,0.2638,0.7005,0.1062,0.57,1.5595,58.1907,77.322,36.7487,58.7637,71.8781,96.3007,0.8892,154.2035,9.0254,9,0.6467,1.5625,0.6891,0.7111,0.7752,59.6723
106,106,MN59,Betula,9.6,yes,M,other,0,Forest,0,359.18,416.58,858.36,159.28,22.92,58.55,1274.47,10.2,6480.28,14.44,5.77,1.68,2.08,4.49,4.68,0.72,49.57,16.58,0.9,0.56,270,106,MN59,M,other,0,Forest,4,36.11,0,106,MN59,M,other,0,Forest,1961.3125,2687,137.0001,44.7978,550075,280.4627,32.1169,0.7299,407.1172,0.0625,1.1958,14.9106,1.0371,1.2842,1390.3523,571.1227,0.2796,0.6133,0.1173,0.6282,1.5435,211.6931,79.8746,40.0451,64.3048,67.1604,98.1741,0.7924,407.1172,4.8176,9,0.4589,1.5581,0.6978,0.7091,0.785,65.1524
107,107,MN101,Betula,9.7,yes,M,other,0,Forest,0,359.18,417.94,985.23,183.32,20.71,410.87,1072.88,165.28,6667.77,13.52,5.45,1.61,2.02,3.7,4.93,0.83,51.24,16.71,3.7,2.16,336.8,107,MN101,M,other,0,Forest,2,27.99,0,107,MN101,M,other,0,Forest,1961.4375,2645,134.8501,47.2772,545825,278.278,31.8775,0.7416,451.9069,0.0625,1.1934,15.7893,1.0364,1.2926,1399.7816,566.7527,0.2722,0.5973,0.1119,0.6309,1.547,238.083,80.0866,41.2438,64.578,65.8631,98.3201,0.7696,451.9069,4.3404,9,0.4588,1.5227,0.6826,0.693,0.7679,65.4183
108,108,MN95,Salix,4.4,yes,M,other,0,Willowshrubs,0,439.51,426.59,493.93,195.75,19.47,224.83,875.69,419.72,6679.75,14.71,5.36,1.49,1.78,9.51,4.38,0.48,46.44,15.85,4.4,2.56,186.3,108,MN95,M,other,0,Willowshrubs,3,43.92,0,108,MN95,M,other,0,Willowshrubs,1961.4375,2536,129.2929,38.6419,520700,265.4686,30.462,0.7734,315.6783,0.0625,1.2046,12.4124,1.0383,1.2635,1388.7618,541.1337,0.2797,0.6369,0.1186,0.6463,1.5353,196.8099,81.3034,39.9976,66.1791,66.988,97.8435,0.8391,315.6783,6.2134,9,0.4588,1.6073,0.7236,0.7315,0.8141,67.06
109,109,MN57,Quercus,8.3,yes,M,other,0,Forest,0,713.77,307.68,1168.5,143.19,13.8,566.27,550.51,4.74,7335.15,11.45,4.1,1.29,1.85,5.33,4.72,1.07,53.16,17.02,3.7,2.16,246.8,109,MN57,M,other,0,Forest,3,20.04,0.01,109,MN57,M,other,0,Forest,1961.375,2541,129.552,50.1083,519500,264.8652,30.3944,0.7719,507.9193,0.0625,1.1885,15.7804,1.0359,1.2949,1407.7555,539.9273,0.2643,0.5752,0.1092,0.6491,1.5454,259.186,82.9395,42.9129,66.2545,65.4526,98.4236,0.741,507.9193,3.8616,9,0.4589,1.4985,0.6684,0.682,0.7519,67.101
110,110,MN151,Salix,4.5,yes,M,other,0,Wetland,0,1886,2056.68,501.59,167.69,49.53,158.38,750.12,712.79,9783.42,1.15,3.6,2.51,2.91,0.31,10.35,4.09,54.96,20.12,3.7,2.16,293.1,110,MN151,M,other,0,Wetland,5,13.82,2.58,110,MN151,M,other,0,Wetland,1961.75,3384,172.499,44.9981,588150,299.8088,34.262,0.5797,402.1463,0.0625,1.183,13.1824,1.0357,1.2713,1402.2051,609.8127,0.268,0.6112,0.1106,0.6014,1.5434,142.1457,76.8075,42.6916,61.8867,67.3995,97.6714,0.795,402.1463,4.8782,9,0.4588,1.4056,0.6438,0.6397,0.7242,62.6122
111,111,MN91,Ulmus,3.2,yes,M,other,0,Forest,0,14.2,492.31,375.97,71.31,1626.26,74.04,187.85,2213.25,9718.42,4.14,2.42,1.35,1.89,5.33,5.61,2.19,60.44,16.64,0,0,-1,111,MN91,M,other,0,Forest,9,6.99,6.28,111,MN91,M,other,0,Forest,1961.75,2568,130.9035,57.9616,457825,233.3758,26.9197,0.7639,668.2834,0.0625,1.1628,14.9576,1.0334,1.2856,1415.7411,476.9466,0.258,0.5061,0.1034,0.6878,1.5291,198.8198,83.3066,48.8649,70.1908,62.7146,98.5685,0.6593,668.2834,2.9355,9,0.4588,1.3593,0.5986,0.6186,0.6734,71.0466
112,112,MN50,Salix,4.3,unknown,M,other,0,Wetland,0,97.81,210.23,49.14,156.93,1700.34,297.11,7.29,2461.04,10031.16,1.29,2.45,1.42,2.1,5.33,6.75,2.51,61.25,16.91,0,0,-1,112,MN50,M,other,0,Wetland,6,5.6,6.06,112,MN50,M,other,0,Wetland,1961.8125,2579,131.4601,58.4026,466775,237.9305,27.4239,0.7607,676.4402,0.0625,1.1719,14.7422,1.0345,1.2847,1405.485,486.0556,0.2622,0.5026,0.1082,0.6815,1.5317,172.2036,83.7364,49.6433,69.6215,61.8542,98.5007,0.6552,676.4402,2.9002,9,0.4588,1.3147,0.5854,0.5983,0.6585,70.4478
113,113,MN49,Crataegus,4.6,yes,M,other,0,Wetland,0,97.81,176.62,80.35,251.17,1703.6,379.41,81.12,2501.39,10122.76,0.86,2.44,1.42,2.15,5.33,7.18,2.61,61.1,16.9,1.5,0.89,288.4,113,MN49,M,other,0,Wetland,6,5.92,6.04,113,MN49,M,other,0,Wetland,1961.8125,2645,134.8243,57.5265,476725,243.0023,27.9845,0.7417,656.4337,0.0625,1.1759,14.6686,1.0346,1.2839,1411.5755,496.1993,0.2582,0.5112,0.1051,0.6755,1.5432,177.4761,81.2665,49.1186,68.9875,62.4161,98.4471,0.6654,656.4337,2.9886,9,0.4588,1.3212,0.5901,0.6013,0.6638,69.8031
114,114,MN46,Betula,5.3,yes,M,other,0,Forest,0,438.86,307.55,295.27,437.98,1858.59,564.03,268.77,2755.39,10503.76,0.2,2.33,1.43,2.21,5.29,7.89,3.89,61.14,15.61,4.4,2.53,26.5,114,MN46,M,other,0,Forest,6,6.23,6.83,114,MN46,M,other,0,Forest,1961.8125,2713,138.2905,58.804,466600,237.8413,27.4141,0.7231,685.8818,0.0625,1.163,14.8445,1.0338,1.2825,1418.3721,485.8772,0.2564,0.4859,0.1023,0.6826,1.5349,178.384,82.4292,49.6002,69.6327,62.0433,98.516,0.6504,685.8818,2.8603,9,0.4588,1.3182,0.5907,0.5999,0.6645,70.445
115,115,MN166,Quercus,7,yes,M,other,0,Forest,0,659.81,5.77,553.4,684.86,1010.32,799.49,339.11,1323.14,11247.96,0,1.02,0.81,0.65,23.96,4.8,2.6,55.16,10.99,0,0,-1,115,MN166,M,other,0,Forest,9,12.8,17.85,115,MN166,M,other,0,Forest,1794,1649,91.9175,53.9367,293375,163.5312,18.4853,1.0879,566.4641,0.0625,1.1499,10.4804,1.0309,1.2477,1426.038,338.1828,0.2418,0.5603,0.0977,0.7788,1.5024,130.9418,90.3103,56.428,78.8636,58.8997,98.5693,0.6842,566.4641,3.167,9,0.5017,1.2729,0.6226,0.5793,0.7004,79.7583
116,116,MN180,Salix,3.3,yes,M,other,0,Shrubs,0,824.22,1841.34,400.37,40.65,1026.77,36.25,1.34,0.33,13694.97,0.01,1.57,1.65,1.36,17.94,7.25,4.04,54.22,11.97,3.1,1.79,341.5,116,MN180,M,other,0,Shrubs,4,5.65,16.06,116,MN180,M,other,0,Shrubs,1214.3125,1445,118.9974,23.2899,248950,205.0131,19.0896,0.8404,151.6259,0.0625,1.172,6.0611,1.0327,1.2265,1415.2715,424.3142,0.2446,0.6647,0.1037,0.7223,1.5264,34.1859,88.6479,49.448,73.4804,64.7365,96.3444,0.8751,151.6259,8.0086,9,0.7412,1.4049,0.6524,0.6394,0.7339,74.5832
117,117,MN181,Prunus,3.6,yes,M,other,0,Steppe,0,824.22,2664.73,1224.34,89.55,219.11,95.03,1.73,1.34,14487.48,0.01,1.57,1.84,1.54,23.46,7.05,4.69,49.6,10.23,2.2,1.26,243.4,117,MN181,M,other,0,Steppe,0,5.47,10.19,117,MN181,M,other,0,Steppe,864.3125,949,109.7983,22.2865,166100,192.1759,15.3559,0.9108,108.2482,0.0625,1.195,4.5745,1.0366,1.2005,1396.5389,401.8223,0.2685,0.6348,0.113,0.7361,1.5199,26.0477,92.3907,48.7796,74.8861,68.6138,95.3641,0.8748,108.2482,7.9845,9,1.0413,1.4531,0.6793,0.6613,0.7643,76.2431
